pdb,chain,resid,resname,sasa,bfactor
1OKE,A,1,MET,0.0,74.26
1OKE,A,2,ARG,48.1646994499812,72.36
1OKE,A,3,CYS,1.2867963509103797,71.68
1OKE,A,4,ILE,16.61656212884959,64.4
1OKE,A,5,GLY,61.44344504809777,58.67
1OKE,A,6,ILE,34.47654149724879,56.22
1OKE,A,7,SER,72.96562566262739,59.11
1OKE,A,8,ASN,69.42278879532111,71.78
1OKE,A,9,ARG,12.879637667404532,73.77
1OKE,A,10,ASP,74.22090555603695,82.12
1OKE,A,11,PHE,84.93729278766202,96.18
1OKE,A,12,VAL,31.398333617037824,111.01
1OKE,A,13,GLU,119.60516984388502,130.56
1OKE,A,14,GLY,29.632368988231317,148.02
1OKE,A,15,VAL,90.18573800571403,150.81
1OKE,A,16,SER,114.64791256570894,141.38
1OKE,A,17,GLY,85.68960369723185,139.63
1OKE,A,18,GLY,39.359782852506314,143.65
1OKE,A,19,SER,34.11652754551802,147.31
1OKE,A,20,TRP,99.43570518486705,142.41
1OKE,A,21,VAL,3.622884648119749,123.37
1OKE,A,22,ASP,77.19534034771453,115.47
1OKE,A,23,ILE,5.76580269624519,108.49
1OKE,A,24,VAL,67.26716614650454,100.87
1OKE,A,25,LEU,3.622884648119749,89.31
1OKE,A,26,GLU,58.2672948753185,92.91
1OKE,A,27,HIS,23.041923353160037,86.42
1OKE,A,28,GLY,56.26318495699926,82.34
1OKE,A,29,SER,6.564923336353518,78.27
1OKE,A,30,CYS,1.2076282160399163,76.87
1OKE,A,31,VAL,3.622884648119749,74.67
1OKE,A,32,THR,0.0,80.07
1OKE,A,33,THR,1.2076282160399163,89.1
1OKE,A,34,MET,14.592873805113191,101.54
1OKE,A,35,ALA,25.77293497966687,105.87
1OKE,A,36,LYS,172.55548251582076,102.52
1OKE,A,37,ASN,91.47159187882833,99.4
1OKE,A,38,LYS,37.732626353506014,96.9
1OKE,A,39,PRO,4.830512864159665,85.9
1OKE,A,40,THR,2.1650474267773276,75.02
1OKE,A,41,LEU,1.2076282160399163,88.81
1OKE,A,42,ASP,0.0,87.49
1OKE,A,43,PHE,2.279087240102637,83.54
1OKE,A,44,GLU,36.70194520208689,91.5
1OKE,A,45,LEU,6.428754144376322,86.39
1OKE,A,46,ILE,77.91536825117609,89.29
1OKE,A,47,LYS,81.40809043247232,101.43
1OKE,A,48,THR,23.4538238491575,105.0
1OKE,A,49,GLU,77.29911343624792,124.89
1OKE,A,50,ALA,39.54021080178728,130.87
1OKE,A,51,LYS,109.03457764412776,135.05
1OKE,A,52,GLN,166.46101896252765,135.5
1OKE,A,53,PRO,41.159739513824654,120.81
1OKE,A,54,ALA,56.416406713900145,106.6
1OKE,A,55,THR,42.30605640763712,85.19
1OKE,A,56,LEU,44.25584190579047,72.98
1OKE,A,57,ARG,37.18200569229664,73.69
1OKE,A,58,LYS,57.36956592499929,70.64
1OKE,A,59,TYR,0.0,68.27
1OKE,A,60,CYS,0.0,61.05
1OKE,A,61,ILE,2.4152564320798326,58.93
1OKE,A,62,GLU,52.77383056302769,56.46
1OKE,A,63,ALA,15.022555715529972,57.16
1OKE,A,64,LYS,76.6711970293896,63.62
1OKE,A,65,LEU,30.839997204271235,61.52
1OKE,A,66,THR,40.65085176942557,63.22
1OKE,A,67,ASN,93.14817191345492,72.28
1OKE,A,68,THR,89.50393700166136,69.71
1OKE,A,69,THR,38.64410291327732,71.28
1OKE,A,70,THR,82.2275685929759,69.14
1OKE,A,71,GLU,54.389966354999196,73.24
1OKE,A,72,SER,56.168635584496826,68.02
1OKE,A,73,ARG,76.53076783777416,71.51
1OKE,A,74,CYS,40.15775995288874,68.68
1OKE,A,75,PRO,11.803943776444772,76.13
1OKE,A,76,THR,118.25130677300581,81.27
1OKE,A,77,GLN,114.03183367996937,76.8
1OKE,A,78,GLY,49.51359880446774,78.68
1OKE,A,79,GLU,135.38861930011444,79.67
1OKE,A,80,PRO,4.558174480205274,75.63
1OKE,A,81,THR,76.94428939558087,74.08
1OKE,A,82,LEU,18.114423240598747,79.2
1OKE,A,83,ASN,130.1880016886207,76.92
1OKE,A,84,GLU,46.775713373234844,60.26
1OKE,A,85,GLU,67.24747464375184,63.32
1OKE,A,86,GLN,142.47957091038506,81.93
1OKE,A,87,ASP,47.20211546092128,73.87
1OKE,A,88,LYS,125.90735550343354,77.08
1OKE,A,89,ARG,100.93183213747145,75.8
1OKE,A,90,PHE,24.79762125717461,67.42
1OKE,A,91,VAL,2.4152564320798326,61.88
1OKE,A,92,CYS,41.38869878641828,55.69
1OKE,A,93,LYS,89.33809860866367,51.09
1OKE,A,94,HIS,66.26633012529452,50.35
1OKE,A,95,SER,26.690330299997548,52.94
1OKE,A,96,MET,89.00233775221861,48.14
1OKE,A,97,VAL,6.038141080199582,43.23
1OKE,A,98,ASP,71.43293057153522,46.29
1OKE,A,99,ARG,39.99042616178793,44.59
1OKE,A,100,GLY,4.716473050834356,44.83
1OKE,A,101,TRP,180.63015475052464,59.14
1OKE,A,102,GLY,86.67254520668702,55.76
1OKE,A,103,ASN,74.9596699180845,50.95
1OKE,A,104,GLY,63.222114277595395,57.69
1OKE,A,105,CYS,4.422005288228077,76.27
1OKE,A,106,GLY,62.71406848002747,63.29
1OKE,A,107,LEU,89.36448798695382,58.11
1OKE,A,108,PHE,148.25650741099454,54.85
1OKE,A,109,GLY,24.74573471290793,50.62
1OKE,A,110,LYS,106.75293943079042,53.48
1OKE,A,111,GLY,0.0,58.68
1OKE,A,112,GLY,9.182737096366209,56.5
1OKE,A,113,ILE,16.770625832581633,52.28
1OKE,A,114,VAL,0.0,50.39
1OKE,A,115,THR,4.69434367218247,57.51
1OKE,A,116,CYS,0.0,58.94
1OKE,A,117,ALA,0.0,61.08
1OKE,A,118,MET,45.39475720731107,69.76
1OKE,A,119,PHE,5.357295120313602,63.8
1OKE,A,120,THR,44.001398033590924,63.36
1OKE,A,121,CYS,31.52507803105425,69.07
1OKE,A,122,LYS,124.46900872291398,68.25
1OKE,A,123,LYS,68.98968883209722,72.05
1OKE,A,124,ASN,67.31902755803002,67.32
1OKE,A,125,MET,1.0714590240627204,63.89
1OKE,A,126,GLU,44.47449675448032,79.82
1OKE,A,127,GLY,0.0,83.21
1OKE,A,128,LYS,44.06352616990833,83.19
1OKE,A,129,ILE,46.552823657647956,103.86
1OKE,A,130,VAL,17.614005229993737,114.21
1OKE,A,131,GLN,106.54179927172795,117.47
1OKE,A,132,PRO,19.32205145663866,123.66
1OKE,A,133,GLU,96.27057571911658,136.32
1OKE,A,134,ASN,87.85633501767151,132.82
1OKE,A,135,LEU,15.699166808518912,125.59
1OKE,A,136,GLU,37.79553360480149,127.44
1OKE,A,137,TYR,16.48039293687239,117.35
1OKE,A,138,THR,4.558174480205274,101.0
1OKE,A,139,VAL,0.0,85.03
1OKE,A,140,VAL,10.732484752382051,82.08
1OKE,A,141,ILE,1.0714590240627204,89.47
1OKE,A,142,THR,6.83726172030791,84.56
1OKE,A,143,PRO,16.634456640604437,76.5
1OKE,A,144,HIS,7.500213168439043,65.57
1OKE,A,145,SER,45.97235786622948,65.97
1OKE,A,146,GLY,1.2076282160399163,54.96
1OKE,A,147,GLU,58.86565517849182,60.67
1OKE,A,148,GLU,50.35857413094786,67.04
1OKE,A,149,HIS,112.65151839894693,60.59
1OKE,A,150,ALA,1.2076282160399163,71.83
1OKE,A,151,VAL,47.610623036852864,62.06
1OKE,A,152,GLY,19.55860081708336,50.15
1OKE,A,153,ASN,37.78111997770683,70.47
1OKE,A,154,ASP,110.65051237416945,93.84
1OKE,A,155,THR,89.64773398060146,108.61
1OKE,A,156,GLY,15.699166808518912,113.17
1OKE,A,157,LYS,152.5619219126626,102.97
1OKE,A,158,HIS,63.49021779465275,92.98
1OKE,A,159,GLY,24.82398550272354,97.02
1OKE,A,160,LYS,89.92871802753855,107.94
1OKE,A,161,GLU,96.73604665304305,111.98
1OKE,A,162,VAL,8.453397512279414,105.34
1OKE,A,163,LYS,106.36656123351071,101.19
1OKE,A,164,ILE,3.622884648119749,104.7
1OKE,A,165,THR,46.15278581551045,121.39
1OKE,A,166,PRO,17.279513576980726,141.01
1OKE,A,167,GLN,146.94412592951335,155.76
1OKE,A,168,SER,54.03514231433215,154.68
1OKE,A,169,SER,81.22249770486883,148.75
1OKE,A,170,ILE,90.26398879552964,141.4
1OKE,A,171,THR,19.985002904769793,141.93
1OKE,A,172,GLU,128.98962232135293,138.83
1OKE,A,173,ALA,1.2076282160399163,126.36
1OKE,A,174,GLU,119.07415272083406,119.1
1OKE,A,175,LEU,8.317228320302219,103.27
1OKE,A,176,THR,115.68114469036277,96.04
1OKE,A,177,GLY,58.01972480784501,96.46
1OKE,A,178,TYR,25.61463640903779,106.88
1OKE,A,179,GLY,26.774612947708057,111.92
1OKE,A,180,THR,33.777801025607964,114.62
1OKE,A,181,VAL,1.2076282160399163,114.92
1OKE,A,182,THR,11.53160539249038,123.65
1OKE,A,183,MET,0.0,129.43
1OKE,A,184,GLU,81.99345710843039,136.86
1OKE,A,185,CYS,10.895018189908173,139.93
1OKE,A,186,SER,48.26933961808696,140.29
1OKE,A,187,PRO,27.349046881231637,145.14
1OKE,A,188,ARG,163.52846788410773,148.79
1OKE,A,189,THR,92.02899838016947,141.74
1OKE,A,190,GLY,72.13590591007309,135.72
1OKE,A,191,LEU,84.85480713094935,136.83
1OKE,A,192,ASP,74.84563010475921,136.28
1OKE,A,193,PHE,55.87172994599136,132.7
1OKE,A,194,ASN,105.69247598101528,125.49
1OKE,A,195,GLU,110.84036510141118,114.45
1OKE,A,196,MET,16.95112918008629,89.31
1OKE,A,197,VAL,0.0,79.76
1OKE,A,198,LEU,28.983077184957992,70.77
1OKE,A,199,LEU,0.0,67.02
1OKE,A,200,GLN,62.933653240142796,69.58
1OKE,A,201,MET,9.38868734436494,79.45
1OKE,A,202,LYS,167.83730043858287,93.1
1OKE,A,203,ASP,78.12036345500813,89.74
1OKE,A,204,LYS,70.47220640532623,81.82
1OKE,A,205,ALA,4.830512864159665,68.09
1OKE,A,206,TRP,8.339357698954105,72.28
1OKE,A,207,LEU,29.78219782506632,79.12
1OKE,A,208,VAL,4.830512864159665,81.17
1OKE,A,209,HIS,111.82687546012085,91.78
1OKE,A,210,ARG,69.10372864542254,92.87
1OKE,A,211,GLN,123.36178580808279,92.03
1OKE,A,212,TRP,93.4869235661062,76.61
1OKE,A,213,PHE,0.0,66.66
1OKE,A,214,LEU,57.403583090252354,73.28
1OKE,A,215,ASP,107.99870658164491,74.84
1OKE,A,216,LEU,19.576495328838206,67.11
1OKE,A,217,PRO,99.14378839549549,56.08
1OKE,A,218,LEU,7.245769296239498,57.21
1OKE,A,219,PRO,0.0,62.3
1OKE,A,220,TRP,48.19108882827135,81.15
1OKE,A,221,LEU,1.2076282160399163,81.49
1OKE,A,222,PRO,59.0376133939787,94.66
1OKE,A,223,GLY,22.839366025227182,100.05
1OKE,A,224,ALA,98.99056663859461,107.87
1OKE,A,225,ASP,48.91863142136029,119.4
1OKE,A,226,THR,124.4851313764122,113.16
1OKE,A,227,GLN,144.73142682536638,119.38
1OKE,A,228,GLY,35.784549881756206,114.2
1OKE,A,229,SER,29.10135186518034,98.81
1OKE,A,230,ASN,55.443618831901375,78.98
1OKE,A,231,TRP,9.002309147085239,65.91
1OKE,A,232,ILE,62.796667234075656,62.29
1OKE,A,233,GLN,91.0784278414169,69.12
1OKE,A,234,LYS,15.766396891305737,62.47
1OKE,A,235,GLU,110.72209042118884,73.22
1OKE,A,236,THR,49.74930621808127,67.51
1OKE,A,237,LEU,3.622884648119749,57.95
1OKE,A,238,VAL,10.714590240627205,64.38
1OKE,A,239,THR,45.30940641809834,68.23
1OKE,A,240,PHE,48.454002434264964,63.68
1OKE,A,241,LYS,128.7566418101627,65.57
1OKE,A,242,ASN,44.09922722882372,57.8
1OKE,A,243,PRO,98.17694440679732,52.01
1OKE,A,244,HIS,135.39134620253776,51.22
1OKE,A,245,ALA,15.562997616541717,56.9
1OKE,A,246,LYS,164.88076015866014,65.02
1OKE,A,247,LYS,133.63225537845733,57.87
1OKE,A,248,GLN,18.236932787718136,55.73
1OKE,A,249,ASP,94.20590846080674,58.65
1OKE,A,250,VAL,30.589788198968726,60.08
1OKE,A,251,VAL,78.49583404259457,75.44
1OKE,A,252,VAL,51.89222426620671,67.76
1OKE,A,253,LEU,81.1476398351191,70.35
1OKE,A,254,GLY,34.542929633204444,51.74
1OKE,A,255,SER,54.56276651731725,45.7
1OKE,A,256,GLN,38.62110645505305,55.21
1OKE,A,257,GLU,64.69604901969481,60.86
1OKE,A,258,GLY,38.91728324406288,44.69
1OKE,A,259,ALA,59.587366975615694,45.96
1OKE,A,260,MET,14.154759860014178,52.84
1OKE,A,261,HIS,51.657358799424344,60.36
1OKE,A,262,THR,102.85339356722493,66.56
1OKE,A,263,ALA,63.03745146141738,67.58
1OKE,A,264,LEU,1.2076282160399163,54.21
1OKE,A,265,THR,107.79794624470989,67.52
1OKE,A,266,GLY,83.64198900384571,81.33
1OKE,A,267,ALA,23.35767854758704,70.85
1OKE,A,268,THR,58.48774671500619,73.93
1OKE,A,269,GLU,82.85896588449437,78.53
1OKE,A,270,ILE,35.02121826515757,76.94
1OKE,A,271,GLN,30.497877764295303,97.82
1OKE,A,272,MET,69.05121378262513,113.05
1OKE,A,273,SER,49.072695125092324,125.47
1OKE,A,274,SER,89.71412211655712,136.44
1OKE,A,275,GLY,61.0128080935143,137.96
1OKE,A,276,ASN,79.9876381637076,133.34
1OKE,A,277,LEU,45.670262316660285,127.05
1OKE,A,278,LEU,85.84198350730156,118.35
1OKE,A,279,PHE,84.53397512279415,111.69
1OKE,A,280,THR,31.63488297748252,115.12
1OKE,A,281,GLY,10.596315560404856,124.06
1OKE,A,282,HIS,87.74748511540992,125.13
1OKE,A,283,LEU,5.810061453548963,116.38
1OKE,A,284,LYS,119.4130551699327,126.62
1OKE,A,285,CYS,5.86710020976754,127.59
1OKE,A,286,ARG,96.39662898274923,131.75
1OKE,A,287,LEU,1.2076282160399163,130.82
1OKE,A,288,ARG,67.14463146664394,125.45
1OKE,A,289,MET,3.860389052731139,132.12
1OKE,A,290,ASP,94.08763378058438,134.26
1OKE,A,291,LYS,115.74930468457507,127.79
1OKE,A,292,LEU,1.2076282160399163,121.35
1OKE,A,293,GLN,117.13811483213283,116.07
1OKE,A,294,LEU,35.18798656958074,106.0
1OKE,A,295,LYS,82.75272978732059,104.94
1OKE,A,296,GLY,14.444728861940511,110.62
1OKE,A,297,MET,110.61412016487024,117.4
1OKE,A,298,SER,103.362281311624,117.06
1OKE,A,299,TYR,86.8418644843449,104.25
1OKE,A,300,SER,76.7341042806851,102.48
1OKE,A,301,MET,111.62533600820774,98.08
1OKE,A,302,CYS,1.2076282160399163,93.68
1OKE,A,303,THR,104.97418223669848,80.69
1OKE,A,304,GLY,15.699166808518912,72.11
1OKE,A,305,LYS,89.63340831810112,71.27
1OKE,A,306,PHE,11.830308021993698,66.69
1OKE,A,307,LYS,79.24730300533325,65.87
1OKE,A,308,VAL,59.186487186647014,53.01
1OKE,A,309,VAL,66.22969915495366,48.55
1OKE,A,310,LYS,111.66602591625706,44.02
1OKE,A,311,GLU,150.20861768771158,50.45
1OKE,A,312,ILE,34.502905742797715,44.15
1OKE,A,313,ALA,51.79184409773921,33.42
1OKE,A,314,GLU,86.93885173274653,46.83
1OKE,A,315,THR,27.893723649140423,49.22
1OKE,A,316,GLN,146.01222901749372,52.22
1OKE,A,317,HIS,69.93770839761508,52.58
1OKE,A,318,GLY,9.318906288343403,53.35
1OKE,A,319,THR,0.0,54.01
1OKE,A,320,ILE,4.830512864159665,54.55
1OKE,A,321,VAL,19.04971307268427,51.29
1OKE,A,322,ILE,7.245769296239498,50.36
1OKE,A,323,ARG,47.02430131672811,60.06
1OKE,A,324,VAL,5.901971888222386,52.09
1OKE,A,325,GLN,37.173447993908255,67.53
1OKE,A,326,TYR,9.981857736474536,74.67
1OKE,A,327,GLU,91.24597526081814,89.51
1OKE,A,328,GLY,6.038141080199582,96.08
1OKE,A,329,ASP,137.60555327115847,109.85
1OKE,A,330,GLY,34.230567358843324,110.1
1OKE,A,331,SER,58.343107789234914,111.82
1OKE,A,332,PRO,58.747380498269465,103.39
1OKE,A,333,CYS,1.2076282160399163,97.86
1OKE,A,334,LYS,31.0562141770619,91.38
1OKE,A,335,ILE,7.636382360416238,77.12
1OKE,A,336,PRO,12.076282160399163,68.31
1OKE,A,337,PHE,30.83660428420536,73.07
1OKE,A,338,GLU,92.99828024476682,82.42
1OKE,A,339,ILE,1.2076282160399163,77.85
1OKE,A,340,MET,29.22058158956938,89.29
1OKE,A,341,ASP,25.2061288331062,111.29
1OKE,A,342,LEU,104.13683469718129,134.94
1OKE,A,343,GLU,128.90110480674537,143.98
1OKE,A,344,LYS,77.59282721661734,130.55
1OKE,A,345,ARG,149.5007163318929,122.56
1OKE,A,346,HIS,109.86777828134225,108.27
1OKE,A,347,VAL,87.12023472619418,87.92
1OKE,A,348,LEU,87.96700704367215,87.9
1OKE,A,349,GLY,22.246195633117583,79.28
1OKE,A,350,ARG,86.92284217658383,79.99
1OKE,A,351,LEU,41.015942534884545,75.95
1OKE,A,352,ILE,0.0,64.65
1OKE,A,353,THR,2.4152564320798326,74.83
1OKE,A,354,VAL,45.07285705765365,75.44
1OKE,A,355,ASN,31.15320142546353,83.31
1OKE,A,356,PRO,11.803943776444772,73.87
1OKE,A,357,ILE,15.018320848632932,72.29
1OKE,A,358,VAL,3.622884648119749,75.23
1OKE,A,359,THR,73.22525944589066,84.97
1OKE,A,360,GLU,114.42746072602122,104.42
1OKE,A,361,LYS,79.2209136270431,105.51
1OKE,A,362,ASP,118.62138638759868,106.27
1OKE,A,363,SER,33.096955065721986,89.9
1OKE,A,364,PRO,9.524856536342135,73.84
1OKE,A,365,VAL,12.076282160399163,65.61
1OKE,A,366,ASN,3.280765208143822,51.72
1OKE,A,367,ILE,2.4152564320798326,51.95
1OKE,A,368,GLU,0.0,57.08
1OKE,A,369,ALA,0.0,63.15
1OKE,A,370,GLU,65.37689497958078,75.28
1OKE,A,371,PRO,5.493464312290798,63.88
1OKE,A,372,PRO,28.983077184957992,71.74
1OKE,A,373,PHE,148.0241929174469,59.19
1OKE,A,374,GLY,17.77230380062282,61.0
1OKE,A,375,ASP,74.85833470545032,72.43
1OKE,A,376,SER,2.1650474267773276,74.96
1OKE,A,377,TYR,55.07081231488518,81.9
1OKE,A,378,ILE,3.622884648119749,68.71
1OKE,A,379,ILE,14.219200208524605,63.37
1OKE,A,380,ILE,2.279087240102637,65.9
1OKE,A,381,GLY,3.350546264165357,70.06
1OKE,A,382,VAL,60.24524161001862,81.2
1OKE,A,383,GLU,134.14436011373368,96.25
1OKE,A,384,PRO,85.60543414685687,86.1
1OKE,A,385,GLY,37.98622827887439,77.34
1OKE,A,386,GLN,43.27881915689466,71.98
1OKE,A,387,LEU,31.39833361703782,65.94
1OKE,A,388,LYS,95.89107132656292,68.77
1OKE,A,389,LEU,43.47461577743699,59.65
1OKE,A,390,ASN,106.59029289592878,72.75
1OKE,A,391,TRP,50.584215881699286,73.02
1OKE,A,392,PHE,121.08788847904387,77.18
1OKE,A,393,LYS,14.492380539310162,79.24
1OKE,A,394,LYS,182.94065791716318,89.62
