pdb,resid,intEn_total,intEn_total_z,intEn_elec,intEn_elec_z,intEn_vdw,intEn_vdw_z
2JEL,0,-144.6791,-5.0401,-138.3174,-4.9487,2.8193,-1.3019
2JEL,1,-47.2133,-0.4190,-32.1551,-0.1189,-0.2201,-1.5796
2JEL,2,-46.8811,-0.4033,-37.3286,-0.3543,1.3427,-1.4368
2JEL,3,-58.2917,-0.9443,-48.6455,-0.8691,0.3728,-1.5255
2JEL,4,-47.0973,-0.4135,-39.7450,-0.4642,1.9429,-1.3820
2JEL,5,-41.5771,-0.1518,-31.1929,-0.0751,6.9110,-0.9279
2JEL,6,-42.0186,-0.1727,-33.4406,-0.1774,3.8411,-1.2085
2JEL,7,-51.6472,-0.6292,-34.9595,-0.2465,1.7123,-1.4030
2JEL,8,-42.7803,-0.2088,-37.2751,-0.3518,7.5424,-0.8702
2JEL,9,-29.8199,0.4057,-23.0080,0.2972,10.0642,-0.6397
2JEL,10,-24.7724,0.6450,-19.6919,0.4481,2.1766,-1.3606
2JEL,11,-41.1017,-0.1292,-38.0635,-0.3877,2.1427,-1.3637
2JEL,12,-42.3488,-0.1884,-38.2916,-0.3981,7.4475,-0.8789
2JEL,13,-33.9019,0.2121,-20.5669,0.4083,9.2555,-0.7137
2JEL,14,-58.5926,-0.9585,-49.9087,-0.9266,1.3733,-1.4340
2JEL,15,-35.0963,0.1555,-28.2421,0.0591,0.4982,-1.5140
2JEL,16,-43.9541,-0.2645,-39.3956,-0.4483,3.7463,-1.2172
2JEL,17,-34.3319,0.1917,-24.2265,0.2418,5.8755,-1.0226
2JEL,18,-41.0426,-0.1264,-32.3062,-0.1258,10.8446,-0.5684
2JEL,19,-44.3689,-0.2841,-37.8551,-0.3782,7.7718,-0.8493
2JEL,20,-49.1757,-0.5120,-40.2256,-0.4861,3.3357,-1.2547
2JEL,21,-38.8681,-0.0233,-20.9091,0.3927,7.9077,-0.8368
2JEL,22,-32.3635,0.2851,-18.1587,0.5178,7.5285,-0.8715
2JEL,23,-68.1913,-1.4136,-60.6052,-1.4132,0.8711,-1.4799
2JEL,24,-86.5778,-2.2854,-77.2798,-2.1718,9.2735,-0.7120
2JEL,25,-21.7535,0.7881,-11.4165,0.8246,20.3297,0.2984
2JEL,26,-39.8181,-0.0684,-31.1044,-0.0711,5.9720,-1.0137
2JEL,27,-37.2454,0.0536,-35.6961,-0.2800,18.7364,0.1528
2JEL,28,-48.4637,-0.4783,-32.3160,-0.1262,13.1666,-0.3562
2JEL,29,-49.1101,-0.5089,-45.8137,-0.7403,14.2084,-0.2610
2JEL,30,-63.1257,-1.1734,-56.1805,-1.2119,23.4547,0.5840
2JEL,31,-48.8219,-0.4953,-42.9770,-0.6113,12.5170,-0.4156
2JEL,32,-26.9076,0.5437,-11.2253,0.8333,22.0129,0.4523
2JEL,33,-36.1144,0.1072,-26.3097,0.1470,18.8048,0.1591
2JEL,34,-31.1963,0.3404,-18.0694,0.5219,23.7303,0.6092
2JEL,35,-43.0727,-0.2227,-33.5760,-0.1836,15.7795,-0.1174
2JEL,36,-30.6533,0.3661,-22.2688,0.3308,21.3108,0.3881
2JEL,37,-31.0998,0.3450,-27.7226,0.0827,14.5657,-0.2283
2JEL,38,-20.7090,0.8376,-19.9716,0.4354,10.1769,-0.6294
2JEL,39,-54.2918,-0.7546,-47.3426,-0.8099,10.6698,-0.5844
2JEL,40,-50.0045,-0.5513,-44.4744,-0.6794,18.7365,0.1528
2JEL,41,-26.7817,0.5497,-19.2681,0.4674,21.9912,0.4503
2JEL,42,-26.8053,0.5486,-19.2469,0.4683,20.6892,0.3313
2JEL,43,-4.4456,1.6087,4.3474,1.5417,29.5308,1.1393
2JEL,44,-94.0907,-2.6416,-83.6566,-2.4619,13.2611,-0.3476
2JEL,45,-29.9348,0.4002,-22.5260,0.3191,16.6103,-0.0415
2JEL,46,-28.0951,0.4874,-18.1104,0.5200,14.4914,-0.2351
2JEL,47,-23.7745,0.6923,-18.8553,0.4861,9.4808,-0.6931
2JEL,48,-23.0183,0.7281,-15.4020,0.6432,15.5456,-0.1388
2JEL,49,-26.6844,0.5543,-11.3516,0.8275,27.2958,0.9351
2JEL,50,-35.4632,0.1381,-26.8788,0.1211,18.1394,0.0983
2JEL,51,-29.7909,0.4070,-25.9521,0.1633,23.8945,0.6242
2JEL,52,-21.6796,0.7916,-6.7208,1.0382,23.5555,0.5932
2JEL,53,-18.4576,0.9444,-16.1063,0.6112,24.2583,0.6575
2JEL,54,-21.3268,0.8083,-7.4160,1.0066,29.1368,1.1033
2JEL,55,-40.6375,-0.1072,-34.5095,-0.2260,18.1577,0.0999
2JEL,56,-40.8073,-0.1153,-31.6345,-0.0952,6.1224,-1.0000
2JEL,57,-29.2064,0.4347,-27.0740,0.1122,19.8296,0.2527
2JEL,58,-35.3056,0.1456,-25.7837,0.1709,23.2590,0.5661
2JEL,59,-35.3757,0.1422,-26.9143,0.1195,15.4434,-0.1481
2JEL,60,-23.8406,0.6891,-9.8749,0.8947,30.6248,1.2393
2JEL,61,-32.8128,0.2638,-21.7982,0.3523,22.1664,0.4663
2JEL,62,-26.3233,0.5714,-8.7730,0.9448,26.7164,0.8821
2JEL,63,-20.8599,0.8305,-11.9715,0.7993,39.5688,2.0567
2JEL,64,-21.8287,0.7845,-12.1303,0.7921,38.7396,1.9809
2JEL,65,-43.5330,-0.2445,-35.3546,-0.2645,20.8121,0.3425
2JEL,66,-25.3009,0.6199,-20.4378,0.4141,24.9274,0.7186
2JEL,67,-21.5573,0.7974,-18.3018,0.5113,16.0397,-0.0936
2JEL,68,-93.1538,-2.5971,-89.0199,-2.7059,32.8756,1.4450
2JEL,69,-80.3737,-1.9912,-66.8035,-1.6952,26.2775,0.8420
2JEL,70,-15.3321,1.0925,-7.2666,1.0134,20.6392,0.3267
2JEL,71,-42.4682,-0.1940,-35.2309,-0.2589,23.3151,0.5713
2JEL,72,-11.9256,1.2541,-2.1893,1.2443,45.7875,2.6251
2JEL,73,-19.5449,0.8928,-3.9228,1.1655,35.9779,1.7285
2JEL,74,-56.3080,-0.8502,-48.1972,-0.8487,25.0321,0.7282
2JEL,75,-42.7968,-0.2096,-32.5112,-0.1351,23.2382,0.5642
2JEL,76,-6.9290,1.4910,10.1439,1.8054,42.7557,2.3480
2JEL,77,-4.8911,1.5876,6.7493,1.6510,36.6834,1.7930
2JEL,78,-68.8730,-1.4459,-61.4568,-1.4520,22.2600,0.4748
2JEL,79,-26.0968,0.5822,-12.7123,0.7656,27.0726,0.9147
2JEL,80,-15.8721,1.0669,-0.5926,1.3170,37.2728,1.8469
2JEL,81,-24.4198,0.6617,-19.9736,0.4353,25.5348,0.7741
2JEL,82,-38.6477,-0.0129,-34.0685,-0.2060,18.9255,0.1701
2JEL,83,-10.9590,1.2999,-0.5340,1.3197,25.2131,0.7447
2JEL,84,-36.5315,0.0874,-33.4489,-0.1778,10.7650,-0.5757
1AKI,0,-98.7513,-2.6966,-88.1861,-2.5465,0.5396,-1.6261
1AKI,1,-47.9417,-0.7811,-40.0287,-0.8039,0.6774,-1.6185
1AKI,2,-61.6173,-1.2967,-45.0993,-0.9874,-4.9180,-1.9274
1AKI,3,-34.3947,-0.2704,-30.3527,-0.4537,0.5485,-1.6256
1AKI,4,-52.0135,-0.9346,-41.0379,-0.8404,8.0911,-1.2092
1AKI,5,-52.2242,-0.9426,-44.9239,-0.9810,8.5664,-1.1830
1AKI,6,-100.8770,-2.7767,-93.1023,-2.7244,0.3777,-1.6350
1AKI,7,-54.0821,-1.0126,-38.8587,-0.7615,-1.0711,-1.7150
1AKI,8,-45.7465,-0.6984,-36.1914,-0.6650,8.5973,-1.1813
1AKI,9,-46.8902,-0.7415,-40.0822,-0.8058,10.6015,-1.0706
1AKI,10,-41.2592,-0.5292,-33.4165,-0.5646,10.0240,-1.1025
1AKI,11,-33.4657,-0.2354,-16.0248,0.0647,4.8258,-1.3895
1AKI,12,-93.5812,-2.5017,-84.5396,-2.4146,2.6346,-1.5104
1AKI,13,-53.5344,-0.9920,-47.8551,-1.0871,3.1017,-1.4847
1AKI,14,-55.4325,-1.0635,-45.0367,-0.9851,9.2042,-1.1478
1AKI,15,-34.6904,-0.2816,-32.0257,-0.5143,8.2878,-1.1984
1AKI,16,-37.5102,-0.3879,-22.6042,-0.1734,14.0845,-0.8783
1AKI,17,-72.0869,-1.6914,-65.5321,-1.7268,8.7976,-1.1702
1AKI,18,-54.9160,-1.0440,-49.0795,-1.1314,2.2396,-1.5323
1AKI,19,-33.4708,-0.2356,-20.6134,-0.1013,6.4950,-1.2973
1AKI,20,-40.9666,-0.5182,-31.4170,-0.4923,8.0314,-1.2125
1AKI,21,-45.5904,-0.6925,-44.3744,-0.9611,12.4792,-0.9670
1AKI,22,-39.2205,-0.4523,-24.9003,-0.2564,8.5179,-1.1857
1AKI,23,-45.3145,-0.6821,-38.4681,-0.7474,12.6964,-0.9550
1AKI,24,-38.2357,-0.4152,-23.2932,-0.1983,9.2670,-1.1443
1AKI,25,-22.3289,0.1844,-15.9120,0.0688,31.8688,0.1034
1AKI,26,-34.0376,-0.2570,-21.4056,-0.1300,27.9775,-0.1114
1AKI,27,-34.4249,-0.2716,-11.3560,0.2337,14.1310,-0.8758
1AKI,28,-35.1513,-0.2989,-20.4181,-0.0942,17.0573,-0.7142
1AKI,29,-27.4215,-0.0075,-15.7032,0.0764,31.9198,0.1063
1AKI,30,-11.3033,0.6001,-2.1325,0.5674,34.6578,0.2574
1AKI,31,-17.0898,0.3819,-7.3199,0.3797,23.0300,-0.3845
1AKI,32,-32.5294,-0.2001,-18.8460,-0.0374,8.1452,-1.2062
1AKI,33,-39.2827,-0.4547,-25.4340,-0.2758,17.0846,-0.7127
1AKI,34,-45.1141,-0.6745,-38.0102,-0.7308,32.9342,0.1623
1AKI,35,-27.4922,-0.0102,-18.8054,-0.0359,22.8560,-0.3941
1AKI,36,-37.7029,-0.3951,-31.4985,-0.4952,8.0051,-1.2140
1AKI,37,-46.4876,-0.7263,-29.0401,-0.4062,10.4001,-1.0817
1AKI,38,-52.2458,-0.9434,-38.9469,-0.7647,10.6820,-1.0662
1AKI,39,-32.6396,-0.2043,-19.9328,-0.0767,23.4456,-0.3616
1AKI,40,-36.9381,-0.3663,-30.4202,-0.4562,17.5011,-0.6897
1AKI,41,-36.6202,-0.3543,-29.0047,-0.4050,19.2608,-0.5926
1AKI,42,-29.2337,-0.0759,-21.7613,-0.1429,19.7847,-0.5637
1AKI,43,-33.6269,-0.2415,-26.0025,-0.2963,16.6423,-0.7371
1AKI,44,-23.2018,0.1515,-13.2333,0.1657,12.0315,-0.9917
1AKI,45,-59.1588,-1.2040,-49.3189,-1.1401,12.5410,-0.9636
1AKI,46,-37.7195,-0.3958,-36.1898,-0.6650,7.3846,-1.2482
1AKI,47,-96.2348,-2.6017,-94.9936,-2.7929,24.6064,-0.2975
1AKI,48,-25.0785,0.0808,-21.9991,-0.1515,26.5588,-0.1897
1AKI,49,-51.7397,-0.9243,-44.0399,-0.9490,30.8526,0.0473
1AKI,50,-40.8136,-0.5124,-26.3509,-0.3089,26.0326,-0.2187
1AKI,51,-61.9015,-1.3074,-50.7456,-1.1917,29.0918,-0.0499
1AKI,52,-33.7828,-0.2474,-13.0688,0.1717,29.9526,-0.0023
1AKI,53,-11.6511,0.5870,-4.3901,0.4858,43.7865,0.7614
1AKI,54,-7.2579,0.7526,8.8911,0.9664,37.9653,0.4400
1AKI,55,0.4179,1.0420,12.7275,1.1052,41.8428,0.6541
1AKI,56,-19.4200,0.2941,-3.8652,0.5047,34.9785,0.2751
1AKI,57,-4.4509,0.8584,12.4017,1.0934,45.2426,0.8418
1AKI,58,-60.2845,-1.2464,-46.8773,-1.0517,34.2880,0.2370
1AKI,59,2.2086,1.1095,13.6685,1.1392,48.6925,1.0322
1AKI,60,-62.8958,-1.3449,-50.4260,-1.1801,19.5874,-0.5746
1AKI,61,-42.9309,-0.5922,-27.7800,-0.3607,16.8872,-0.7236
1AKI,62,-25.2327,0.0750,-3.8220,0.5063,29.8274,-0.0093
1AKI,63,0.4153,1.0419,15.1314,1.1922,54.9220,1.3761
1AKI,64,-23.3284,0.1468,-14.3494,0.1254,29.5734,-0.0233
1AKI,65,-92.2048,-2.4498,-85.6069,-2.4532,38.3355,0.4604
1AKI,66,-6.5814,0.7781,-5.7152,0.4378,27.5718,-0.1338
1AKI,67,-32.3603,-0.1937,-26.0549,-0.2982,22.5708,-0.4099
1AKI,68,-15.6406,0.4366,-7.2682,0.3816,43.6085,0.7515
1AKI,69,-3.5200,0.8935,-0.1860,0.6379,24.0946,-0.3257
1AKI,70,-27.4149,-0.0073,-25.2841,-0.2703,20.6311,-0.5169
1AKI,71,-5.1518,0.8320,2.0506,0.7188,37.0643,0.3903
1AKI,72,-25.8626,0.0512,-18.4766,-0.0240,14.0044,-0.8828
1AKI,73,-27.2058,0.0006,-14.4763,0.1208,30.9657,0.0536
1AKI,74,-27.1585,0.0024,-16.7607,0.0381,27.5260,-0.1363
1AKI,75,-8.8427,0.6929,-0.8781,0.6128,45.4450,0.8529
1AKI,76,-20.0423,0.2706,-15.9931,0.0659,22.3508,-0.4220
1AKI,77,15.3632,1.6054,27.6342,1.6446,49.0243,1.0505
1AKI,78,-5.8194,0.8068,0.7625,0.6722,33.9515,0.2184
1AKI,79,-2.8435,0.9190,7.8819,0.9298,53.9602,1.3230
1AKI,80,-8.2381,0.7156,-4.0083,0.4996,36.2274,0.3441
1AKI,81,-4.0268,0.8744,1.3404,0.6931,37.1471,0.3948
1AKI,82,31.5482,2.2155,47.0021,2.3455,72.4889,2.3459
1AKI,83,-10.0041,0.6491,1.6508,0.7043,41.4689,0.6334
1AKI,84,-14.6530,0.4738,-8.6362,0.3321,38.0213,0.4431
1AKI,85,-31.5883,-0.1646,-27.1042,-0.3362,23.3254,-0.3682
1AKI,86,-50.3630,-0.8724,-46.3127,-1.0313,37.8735,0.4349
1AKI,87,-5.3056,0.8262,7.0908,0.9012,46.6512,0.9195
1AKI,88,-38.7698,-0.4354,-34.2501,-0.5948,36.4518,0.3565
1AKI,89,9.3636,1.3792,15.8871,1.2195,57.7432,1.5319
1AKI,90,24.6647,1.9560,34.8077,1.9042,75.3999,2.5066
1AKI,91,0.2605,1.0360,13.1024,1.1187,55.3675,1.4007
1AKI,92,-26.4597,0.0287,-19.4782,-0.0602,38.5233,0.4708
1AKI,93,-4.9993,0.8377,5.1683,0.8316,53.3943,1.2918
1AKI,94,25.0672,1.9712,34.3972,1.8893,63.8700,1.8701
1AKI,95,-14.9236,0.4636,-3.3973,0.5217,37.7118,0.4260
1AKI,96,-42.0729,-0.5599,-32.1127,-0.5174,39.2017,0.5083
1AKI,97,12.4497,1.4955,28.9254,1.6913,64.2482,1.8910
1AKI,98,11.2984,1.4521,24.7079,1.5387,59.9428,1.6533
1AKI,99,-23.7385,0.1313,-18.5105,-0.0252,39.5911,0.5298
1AKI,100,-36.6721,-0.3563,-33.2983,-0.5603,36.0358,0.3335
1AKI,101,-9.8092,0.6564,-8.4831,0.3376,31.9691,0.1090
1AKI,102,-16.1849,0.4161,-13.0747,0.1715,40.0136,0.5531
1AKI,103,7.1937,1.2974,12.1953,1.0859,55.6460,1.4161
1AKI,104,9.6892,1.3915,27.2134,1.6294,57.3330,1.5092
1AKI,105,-33.8267,-0.2490,-27.8224,-0.3622,40.8338,0.5984
1AKI,106,14.8141,1.5847,19.2495,1.3412,65.0504,1.9352
1AKI,107,0.4408,1.0428,20.7398,1.3951,51.3009,1.1762
1AKI,108,-10.3705,0.6353,-3.3383,0.5238,37.4249,0.4102
1AKI,109,10.4067,1.4185,17.0344,1.2610,57.3723,1.5114
1AKI,110,6.8115,1.2830,30.5658,1.7507,58.1886,1.5564
1AKI,111,-14.3109,0.4867,-0.5279,0.6255,40.7694,0.5948
1AKI,112,-15.2408,0.4517,-10.2815,0.2726,30.5455,0.0304
1AKI,113,-53.6197,-0.9952,-44.2344,-0.9561,34.5576,0.2519
1AKI,114,7.7996,1.3202,17.7094,1.2855,58.7950,1.5899
1AKI,115,-12.9385,0.5384,-5.3830,0.4498,34.0445,0.2236
1AKI,116,-26.1012,0.0422,-25.1861,-0.2668,25.6563,-0.2395
1AKI,117,-7.4191,0.7465,-2.3545,0.5594,47.9259,0.9899
1AKI,118,-83.9337,-2.1380,-80.4026,-2.2649,45.6880,0.8663
1AKI,119,6.4562,1.2696,19.4051,1.3468,54.8035,1.3696
1AKI,120,-26.9813,0.0091,-18.9292,-0.0404,35.2431,0.2897
1AKI,121,-11.2546,0.6019,-5.3479,0.4511,42.0552,0.6658
1AKI,122,-3.8213,0.8822,10.7449,1.0334,53.5481,1.3003
1AKI,123,27.7428,2.0721,40.8958,2.1245,64.0280,1.8788
1AKI,124,-72.9832,-1.7252,-67.4645,-1.7967,37.3956,0.4086
1AKI,125,-23.8279,0.1279,-22.8939,-0.1838,32.7041,0.1496
1AKI,126,-8.4180,0.7089,-1.1118,0.6044,29.4367,-0.0308
1AKI,127,-13.6179,0.5128,-10.6117,0.2606,16.6699,-0.7356
1AKI,128,-46.2924,-0.7189,-37.2362,-0.7028,31.8391,0.1018
1AHW,0,-17.1445,-0.2543,-14.1166,-0.4111,7.0483,-1.2323
1AHW,1,-39.4723,-0.8201,-35.6870,-0.9408,1.9100,-1.3819
1AHW,2,-42.9554,-0.9083,-32.8910,-0.8721,8.2023,-1.1987
1AHW,3,-54.5141,-1.2012,-48.8457,-1.2639,2.4268,-1.3668
1AHW,4,-44.2985,-0.9424,-37.7536,-0.9915,7.5884,-1.2166
1AHW,5,-36.0408,-0.7331,-26.4165,-0.7131,8.5472,-1.1887
1AHW,6,-56.0272,-1.2395,-44.3137,-1.1526,-5.3326,-1.5926
1AHW,7,-52.4021,-1.1477,-47.5827,-1.2329,0.9711,-1.4092
1AHW,8,-48.5101,-1.0491,-31.1040,-0.8282,2.5749,-1.3625
1AHW,9,-55.9814,-1.2384,-48.4568,-1.2544,1.2374,-1.4014
1AHW,10,-32.2112,-0.6361,-8.8811,-0.2825,7.4700,-1.2200
1AHW,11,-102.0056,-2.4045,-95.7164,-2.4149,0.4918,-1.4231
1AHW,12,-54.7272,-1.2066,-47.7043,-1.2359,18.9010,-0.8874
1AHW,13,-40.3843,-0.8432,-30.3090,-0.8087,12.5341,-1.0726
1AHW,14,-31.8974,-0.6281,-22.7462,-0.6230,26.2202,-0.6743
1AHW,15,-17.9985,-0.2760,-1.4077,-0.0990,26.7997,-0.6575
1AHW,16,-63.7944,-1.4363,-56.7392,-1.4577,8.4305,-1.1921
1AHW,17,-47.5696,-1.0252,-34.4495,-0.9104,18.4609,-0.9002
1AHW,18,-53.4011,-1.1730,-40.1463,-1.0503,-0.4167,-1.4496
1AHW,19,-48.6963,-1.0538,-30.9146,-0.8236,8.1802,-1.1994
1AHW,20,-84.7017,-1.9661,-74.1562,-1.8855,0.2926,-1.4289
1AHW,21,-59.5588,-1.3290,-30.7454,-0.8194,-3.7848,-1.5476
1AHW,22,-54.3128,-1.1961,-44.6682,-1.1613,1.7840,-1.3855
1AHW,23,-19.3773,-0.3109,-11.0059,-0.3347,8.1048,-1.2016
1AHW,24,-35.4599,-0.7184,-31.0335,-0.8265,7.0974,-1.2309
1AHW,25,-21.5902,-0.3670,-11.9216,-0.3572,10.8076,-1.1229
1AHW,26,-31.3408,-0.6140,-26.7470,-0.7212,7.1776,-1.2285
1AHW,27,-39.6165,-0.8237,-34.5486,-0.9128,8.7798,-1.1819
1AHW,28,-49.7936,-1.0816,-34.5408,-0.9126,9.1091,-1.1723
1AHW,29,-44.3011,-0.9424,-31.1066,-0.8283,11.9294,-1.0903
1AHW,30,-53.1505,-1.1666,-32.2829,-0.8572,18.4277,-0.9011
1AHW,31,-41.4746,-0.8708,-28.1642,-0.7560,13.4514,-1.0460
1AHW,32,-34.9503,-0.7055,-21.1164,-0.5830,20.2042,-0.8494
1AHW,33,-45.0484,-0.9614,-32.0474,-0.8514,15.3609,-0.9904
1AHW,34,-32.3676,-0.6401,-15.8148,-0.4528,23.3901,-0.7567
1AHW,35,-41.2283,-0.8646,-29.5512,-0.7901,21.3706,-0.8155
1AHW,36,-21.2943,-0.3595,-11.7486,-0.3529,18.1115,-0.9103
1AHW,37,-92.1927,-2.1559,-86.3450,-2.1848,13.5047,-1.0444
1AHW,38,-39.3178,-0.8162,-37.4810,-0.9848,14.0679,-1.0280
1AHW,39,-35.5246,-0.7201,-33.0326,-0.8756,16.5556,-0.9556
1AHW,40,-58.1166,-1.2925,-54.0433,-1.3915,6.8220,-1.2389
1AHW,41,-25.7087,-0.4713,-6.2455,-0.2178,8.6511,-1.1857
1AHW,42,-72.8318,-1.6653,-65.6880,-1.6775,13.5990,-1.0417
1AHW,43,-35.5534,-0.7208,-28.7740,-0.7710,17.6968,-0.9224
1AHW,44,-100.7705,-2.3732,-90.4213,-2.2849,16.8508,-0.9470
1AHW,45,-34.2096,-0.6867,-25.9747,-0.7023,21.8032,-0.8029
1AHW,46,-37.6984,-0.7751,-28.8735,-0.7735,4.9465,-1.2935
1AHW,47,-32.4384,-0.6419,-21.4329,-0.5907,18.8422,-0.8891
1AHW,48,-42.3785,-0.8937,-31.3446,-0.8341,17.3852,-0.9315
1AHW,49,-36.5293,-0.7455,-31.1316,-0.8289,15.9737,-0.9725
1AHW,50,-36.3813,-0.7418,-29.7913,-0.7960,14.4957,-1.0156
1AHW,51,-38.6359,-0.7989,-26.8151,-0.7229,16.0077,-0.9716
1AHW,52,0.7361,0.1987,10.0755,0.1830,15.9750,-0.9725
1AHW,53,-29.2443,-0.5609,-18.3858,-0.5159,26.0177,-0.6802
1AHW,54,-76.5277,-1.7590,-69.7200,-1.7765,19.7257,-0.8633
1AHW,55,-24.7671,-0.4475,-9.3713,-0.2945,25.2899,-0.7014
1AHW,56,-54.4946,-1.2007,-46.7232,-1.2118,31.2762,-0.5272
1AHW,57,-70.6675,-1.6105,-65.6007,-1.6754,23.0856,-0.7656
1AHW,58,-139.6475,-3.3582,-130.9290,-3.2796,23.0720,-0.7660
1AHW,59,-5.6015,0.0381,11.5399,0.2190,40.2301,-0.2666
1AHW,60,0.2101,0.1854,11.9850,0.2299,37.2155,-0.3543
1AHW,61,-77.4425,-1.7821,-72.2878,-1.8396,29.7024,-0.5730
1AHW,62,-70.1029,-1.5962,-63.0405,-1.6125,30.0233,-0.5636
1AHW,63,6.8733,0.3542,20.4162,0.4369,43.5619,-0.1696
1AHW,64,-47.9443,-1.0347,-41.1558,-1.0751,23.9733,-0.7397
1AHW,65,-41.9684,-0.8833,-31.4516,-0.8368,24.6451,-0.7202
1AHW,66,-28.2060,-0.5346,-17.7508,-0.5003,30.9924,-0.5354
1AHW,67,-32.7729,-0.6503,-9.7726,-0.3044,31.1331,-0.5313
1AHW,68,-24.3647,-0.4373,-9.6984,-0.3026,27.9242,-0.6247
1AHW,69,3.5912,0.2710,13.3298,0.2629,45.0996,-0.1249
1AHW,70,-54.4078,-1.1985,-36.3732,-0.9576,21.7177,-0.8054
1AHW,71,-19.8319,-0.3224,-3.2204,-0.1435,40.8361,-0.2490
1AHW,72,-27.8091,-0.5246,-10.2740,-0.3167,33.5125,-0.4621
1AHW,73,-16.4686,-0.2372,-4.6297,-0.1781,40.5421,-0.2575
1AHW,74,-2.7979,0.1092,11.7347,0.2237,36.6673,-0.3703
1AHW,75,11.4479,0.4701,21.5782,0.4655,41.3745,-0.2333
1AHW,76,-13.5196,-0.1625,-7.5935,-0.2509,33.6930,-0.4568
1AHW,77,-17.6627,-0.2675,-15.7475,-0.4511,22.5039,-0.7825
1AHW,78,-25.9712,-0.4780,-23.0093,-0.6295,17.3999,-0.9310
1AHW,79,-28.1950,-0.5343,-21.8894,-0.6020,22.8182,-0.7733
1AHW,80,-25.9894,-0.4785,-21.6521,-0.5961,23.6817,-0.7482
1AHW,81,-9.4399,-0.0591,-7.2022,-0.2413,38.7909,-0.3085
1AHW,82,-4.3137,0.0707,-0.8801,-0.0860,41.4425,-0.2313
1AHW,83,-8.8589,-0.0444,-7.9212,-0.2589,33.2337,-0.4702
1AHW,84,-27.1030,-0.5067,-25.9347,-0.7013,20.1651,-0.8506
1AHW,85,-21.4478,-0.3634,-20.8302,-0.5759,19.2681,-0.8767
1AHW,86,-20.6974,-0.3444,-19.5169,-0.5437,28.4195,-0.6103
1AHW,87,-1.3807,0.1451,0.7558,-0.0459,31.0636,-0.5334
1AHW,88,13.6614,0.5262,20.3298,0.4348,37.1031,-0.3576
1AHW,89,-12.7573,-0.1432,-2.5387,-0.1268,37.0577,-0.3589
1AHW,90,-23.2474,-0.4090,-10.9188,-0.3325,26.4905,-0.6665
1AHW,91,-25.8791,-0.4757,-14.9505,-0.4316,34.4809,-0.4339
1AHW,92,-36.6198,-0.7478,-27.3931,-0.7371,31.0590,-0.5335
1AHW,93,-6.7058,0.0101,0.9981,-0.0399,36.4104,-0.3778
1AHW,94,-22.8015,-0.3977,-17.9194,-0.5045,28.0322,-0.6216
1AHW,95,-65.1417,-1.4705,-57.9835,-1.4883,35.0323,-0.4179
1AHW,96,-15.5621,-0.2143,4.4589,0.0451,43.0266,-0.1852
1AHW,97,-0.7716,0.1605,10.2184,0.1865,47.9243,-0.0427
1AHW,98,20.5279,0.7002,35.2295,0.8007,49.6984,0.0090
1AHW,99,-12.5467,-0.1379,0.2263,-0.0589,53.5699,0.1217
1AHW,100,15.2792,0.5672,24.7219,0.5427,67.6430,0.5312
1AHW,101,-15.9195,-0.2233,-6.0387,-0.2127,48.3287,-0.0309
1AHW,102,-0.8614,0.1582,10.8577,0.2022,60.7000,0.3292
1AHW,103,-13.7981,-0.1696,-5.1924,-0.1919,44.2704,-0.1490
1AHW,104,43.9210,1.2929,60.1457,1.4126,91.9658,1.2391
1AHW,105,13.7967,0.5296,18.1429,0.3811,65.4253,0.4667
1AHW,106,22.2382,0.7435,30.2434,0.6783,61.7282,0.3591
1AHW,107,53.3945,1.5329,65.2608,1.5382,89.1813,1.1581
1AHW,108,10.5161,0.4465,18.8371,0.3982,62.9171,0.3937
1AHW,109,42.5323,1.2577,58.1118,1.3626,81.0682,0.9220
1AHW,110,-21.9681,-0.3766,-14.5558,-0.4219,42.1878,-0.2096
1AHW,111,-0.2113,0.1747,6.0038,0.0830,53.7849,0.1279
1AHW,112,6.4410,0.3432,18.5629,0.3914,57.0971,0.2243
1AHW,113,-14.9366,-0.1984,-8.6548,-0.2770,39.2801,-0.2942
1AHW,114,-6.4910,0.0156,1.8451,-0.0191,39.1116,-0.2991
1AHW,115,-7.4508,-0.0087,-1.5117,-0.1015,41.1656,-0.2394
1AHW,116,-4.5742,0.0641,-2.4623,-0.1249,46.2119,-0.0925
1AHW,117,9.5899,0.4230,16.0555,0.3299,44.3344,-0.1471
1AHW,118,-47.2588,-1.0174,-36.4727,-0.9601,43.6520,-0.1670
1AHW,119,23.5081,0.7757,38.0224,0.8693,86.9523,1.0932
1AHW,120,-6.0229,0.0274,4.3200,0.0417,57.9047,0.2478
1AHW,121,44.4724,1.3069,59.6794,1.4011,96.7739,1.3791
1AHW,122,14.0829,0.5369,25.3866,0.5590,77.4963,0.8180
1AHW,123,47.3280,1.3792,61.8966,1.4556,98.9743,1.4431
1AHW,124,8.5073,0.3956,17.4704,0.3646,58.7512,0.2724
1AHW,125,-0.5718,0.1656,5.3159,0.0661,74.5505,0.7323
1AHW,126,28.4478,0.9008,35.8819,0.8167,67.7469,0.5343
1AHW,127,-47.0256,-1.0115,-37.1173,-0.9759,42.7965,-0.1919
1AHW,128,10.1329,0.4368,21.1303,0.4545,68.4312,0.5542
1AHW,129,5.0409,0.3078,13.0710,0.2566,48.0651,-0.0386
1AHW,130,49.6811,1.4388,62.5342,1.4712,90.5183,1.1970
1AHW,131,0.3933,0.1900,12.4870,0.2422,36.2302,-0.3830
1AHW,132,-19.5765,-0.3160,-13.2806,-0.3905,45.4565,-0.1145
1AHW,133,-26.9614,-0.5031,-23.8729,-0.6507,27.9020,-0.6254
1AHW,134,-24.4600,-0.4397,-22.0134,-0.6050,23.4010,-0.7564
1AHW,135,-16.4774,-0.2374,-11.0450,-0.3356,41.4819,-0.2302
1AHW,136,-3.6771,0.0869,9.5687,0.1706,47.5923,-0.0523
1AHW,137,-1.2489,0.1484,12.8662,0.2515,64.6468,0.4440
1AHW,138,8.8144,0.4034,17.0728,0.3548,81.8749,0.9454
1AHW,139,68.5163,1.9161,82.1793,1.9536,104.8132,1.6130
1AHW,140,-40.4007,-0.8436,-26.6361,-0.7185,85.6259,1.0546
1AHW,141,-27.1614,-0.5082,-21.4561,-0.5913,64.1042,0.4282
1AHW,142,23.4501,0.7742,33.6967,0.7631,73.6011,0.7046
1AHW,143,64.3614,1.8108,80.0204,1.9006,116.8933,1.9646
1AHW,144,33.8359,1.0374,36.7735,0.8386,76.9481,0.8020
1AHW,145,-17.5023,-0.2634,-13.2453,-0.3897,47.8192,-0.0457
1AHW,146,-11.1124,-0.1015,-4.4550,-0.1738,75.7236,0.7664
1AHW,147,54.6753,1.5654,71.4448,1.6900,111.3639,1.8037
1AHW,148,39.7793,1.1879,54.2660,1.2682,94.1228,1.3019
1AHW,149,61.7494,1.7446,82.6589,1.9654,126.0238,2.2303
1AHW,150,44.1211,1.2980,57.2344,1.3411,97.9914,1.4145
1AHW,151,46.2411,1.3517,64.2628,1.5137,102.2450,1.5383
1AHW,152,15.2626,0.5668,31.0988,0.6993,77.5351,0.8191
1AHW,153,36.2428,1.0983,56.9109,1.3331,94.9129,1.3249
1AHW,154,45.2352,1.3262,66.0341,1.5572,91.3155,1.2202
1AHW,155,-40.7035,-0.8513,-29.0214,-0.7771,81.5561,0.9362
1AHW,156,25.2385,0.8195,31.4134,0.7070,83.4632,0.9917
1AHW,157,12.5791,0.4988,13.6994,0.2720,61.1273,0.3416
1AHW,158,5.6095,0.3222,9.9257,0.1793,51.3029,0.0557
1AHW,159,-2.3446,0.1206,-1.0126,-0.0893,41.3728,-0.2333
1AHW,160,22.4072,0.7478,24.6014,0.5397,52.8724,0.1014
1AHW,161,13.7098,0.5274,22.1683,0.4800,53.9606,0.1330
1AHW,162,-2.7904,0.1093,5.5378,0.0716,79.5956,0.8791
1AHW,163,-16.2016,-0.2305,-8.8545,-0.2819,42.0624,-0.2133
1AHW,164,29.0248,0.9155,35.0842,0.7971,68.7596,0.5637
1AHW,165,22.6796,0.7547,30.9937,0.6967,67.6288,0.5308
1AHW,166,24.1493,0.7919,36.0447,0.8207,93.8188,1.2931
1AHW,167,23.2085,0.7681,30.5501,0.6858,80.5060,0.9056
1AHW,168,22.8457,0.7589,29.1694,0.6519,79.2763,0.8698
1AHW,169,22.5012,0.7502,30.7525,0.6908,99.6344,1.4623
1AHW,170,4.4813,0.2936,13.0555,0.2562,71.3115,0.6380
1AHW,171,64.7188,1.8198,84.3836,2.0078,111.2685,1.8009
1AHW,172,28.5438,0.9033,37.1248,0.8472,69.2475,0.5779
1AHW,173,36.1860,1.0969,50.4947,1.1756,97.3865,1.3969
1AHW,174,-38.2294,-0.7886,-31.5402,-0.8389,62.2632,0.3747
1AHW,175,50.8900,1.4695,64.0209,1.5077,102.7358,1.5526
1AHW,176,-11.9004,-0.1215,-5.7987,-0.2068,66.5650,0.4999
1AHW,177,-5.9087,0.0303,-2.4497,-0.1246,29.4934,-0.5791
1AHW,178,8.3996,0.3929,9.1793,0.1610,61.5822,0.3548
1AHW,179,2.2604,0.2373,10.5181,0.1939,73.6851,0.7071
1AHW,180,28.2622,0.8961,37.2613,0.8506,87.5723,1.1113
1AHW,181,56.8378,1.6202,79.9409,1.8987,112.7444,1.8439
1AHW,182,25.0162,0.8139,37.1408,0.8476,85.7040,1.0569
1AHW,183,74.6074,2.0704,95.3092,2.2761,127.6983,2.2791
1AHW,184,54.2807,1.5554,65.0980,1.5342,112.4589,1.8356
1AHW,185,95.2946,2.5945,109.2190,2.6176,147.0090,2.8411
1AHW,186,33.5579,1.0303,47.8070,1.1096,100.7223,1.4940
1AHW,187,82.0974,2.2602,91.6208,2.1855,138.1337,2.5828
1AHW,188,68.1812,1.9076,81.5070,1.9371,110.8456,1.7886
1AHW,189,87.9382,2.4082,103.8454,2.4857,125.0643,2.2024
1AHW,190,49.2728,1.4285,55.8158,1.3062,83.4760,0.9920
1AHW,191,30.4283,0.9510,33.5595,0.7597,65.1735,0.4594
1AHW,192,14.7819,0.5546,30.1887,0.6769,110.2884,1.7724
1AHW,193,0.2827,0.1872,4.5506,0.0473,51.6178,0.0648
1AHW,194,-3.0607,0.1025,0.2919,-0.0573,37.8855,-0.3348
1AHW,195,37.5048,1.1303,47.4982,1.1020,75.1113,0.7486
1AHW,196,41.9787,1.2437,54.5065,1.2741,87.7770,1.1172
1AHW,197,23.9938,0.7880,33.2243,0.7515,78.3123,0.8418
1AHW,198,34.6039,1.0568,43.4530,1.0026,120.6366,2.0736
1AHW,199,9.2399,0.4142,15.5458,0.3173,76.2084,0.7805
1AHW,200,28.9084,0.9125,36.8293,0.8400,99.1648,1.4486
1AHW,201,81.2037,2.2375,89.3626,2.1300,124.9268,2.1984
1AHW,202,39.5025,1.1809,44.2922,1.0233,72.7722,0.6805
1AHW,203,25.2612,0.8201,33.4236,0.7564,73.4757,0.7010
1AHW,204,30.8717,0.9622,39.5024,0.9056,84.6073,1.0250
1AHW,205,38.7929,1.1630,46.2178,1.0705,87.3941,1.1061
1AHW,206,51.8549,1.4939,63.2419,1.4886,89.8511,1.1776
1AHW,207,45.7151,1.3383,47.4555,1.1009,58.3549,0.2609
1BJ1,0,-29.5135,-0.5961,-13.3383,-0.6526,30.7772,-1.7693
1BJ1,1,-45.9110,-0.8469,-23.9171,-0.8125,31.7584,-1.7504
1BJ1,2,-82.3986,-1.4049,-64.6969,-1.4288,14.8698,-2.0761
1BJ1,3,-68.8134,-1.1971,-36.5840,-1.0039,46.3420,-1.4690
1BJ1,4,-67.3307,-1.1744,-53.0881,-1.2534,30.3097,-1.7783
1BJ1,5,-200.3009,-3.2080,-186.8420,-3.2748,20.8268,-1.9612
1BJ1,6,-51.3813,-0.9305,-22.1119,-0.7852,52.9021,-1.3425
1BJ1,7,-52.0068,-0.9401,-20.0796,-0.7545,60.7204,-1.1917
1BJ1,8,-33.7290,-0.6606,-18.4868,-0.7304,44.6436,-1.5018
1BJ1,9,-178.7680,-2.8787,-161.1954,-2.8872,56.6941,-1.2694
1BJ1,10,-65.3472,-1.1441,-47.2004,-1.1644,82.5770,-0.7701
1BJ1,11,-30.0486,-0.6043,0.8571,-0.4381,71.2277,-0.9890
1BJ1,12,-14.9137,-0.3728,10.8478,-0.2871,82.6003,-0.7696
1BJ1,13,14.0859,0.0707,37.0749,0.1093,76.1538,-0.8940
1BJ1,14,17.7592,0.1269,40.7814,0.1653,74.3302,-0.9292
1BJ1,15,-38.0304,-0.7263,-13.4572,-0.6544,82.1697,-0.7779
1BJ1,16,-70.4874,-1.2227,-53.6910,-1.2625,85.0894,-0.7216
1BJ1,17,8.3353,-0.0173,27.0365,-0.0424,103.2607,-0.3711
1BJ1,18,17.2008,0.1183,42.6966,0.1943,95.8566,-0.5139
1BJ1,19,-19.2681,-0.4394,4.9139,-0.3767,108.0275,-0.2791
1BJ1,20,-41.2455,-0.7755,-20.8015,-0.7654,89.9179,-0.6285
1BJ1,21,3.0267,-0.0985,35.4317,0.0845,100.2807,-0.4286
1BJ1,22,-48.3154,-0.8836,-27.6905,-0.8695,49.0894,-1.4161
1BJ1,23,-32.2325,-0.6377,-18.6988,-0.7336,80.9806,-0.8009
1BJ1,24,-120.0741,-1.9811,-103.3668,-2.0132,98.7594,-0.4579
1BJ1,25,8.4925,-0.0149,31.3930,0.0235,90.4709,-0.6178
1BJ1,26,-23.4151,-0.5028,-12.0523,-0.6332,43.9514,-1.5152
1BJ1,27,-31.9303,-0.6331,-25.1402,-0.8310,43.8004,-1.5181
1BJ1,28,-91.2246,-1.5399,-75.6694,-1.5946,73.3020,-0.9490
1BJ1,29,-76.7582,-1.3186,-64.8685,-1.4314,25.4436,-1.8722
1BJ1,30,-121.1210,-1.9971,-111.9499,-2.1430,48.5813,-1.4259
1BJ1,31,-24.8737,-0.5251,10.3842,-0.2941,76.5326,-0.8867
1BJ1,32,-9.0014,-0.2824,8.1662,-0.3276,98.3181,-0.4664
1BJ1,33,15.5075,0.0924,54.8058,0.3773,98.8160,-0.4568
1BJ1,34,47.8654,0.5873,72.2149,0.6404,131.6315,0.1762
1BJ1,35,50.7784,0.6318,79.7920,0.7549,116.2816,-0.1199
1BJ1,36,35.3104,0.3953,51.1804,0.3225,137.0824,0.2813
1BJ1,37,24.7154,0.2332,46.4055,0.2503,137.8337,0.2958
1BJ1,38,56.6734,0.7220,85.3556,0.8390,122.3844,-0.0022
1BJ1,39,52.1274,0.6524,74.9705,0.6821,112.4712,-0.1934
1BJ1,40,10.9578,0.0228,47.1042,0.2609,112.7489,-0.1881
1BJ1,41,7.9491,-0.0232,33.4457,0.0545,106.3129,-0.3122
1BJ1,42,-139.1572,-2.2729,-109.1240,-2.1003,133.1668,0.2058
1BJ1,43,17.3496,0.1206,38.7625,0.1348,143.3109,0.4015
1BJ1,44,68.7599,0.9068,80.6991,0.7686,152.7846,0.5842
1BJ1,45,58.8764,0.7557,70.8057,0.6191,155.8421,0.6432
1BJ1,46,46.8819,0.5722,68.9161,0.5906,152.6896,0.5824
1BJ1,47,73.5563,0.9802,93.2572,0.9584,156.2419,0.6509
1BJ1,48,59.4015,0.7637,74.1295,0.6693,161.7673,0.7575
1BJ1,49,10.5960,0.0173,22.2082,-0.1154,135.7592,0.2558
1BJ1,50,-21.5404,-0.4742,-17.3910,-0.7138,92.6696,-0.5754
1BJ1,51,2.9862,-0.0991,7.5261,-0.3373,105.7840,-0.3224
1BJ1,52,20.6182,0.1706,48.9933,0.2895,126.2153,0.0717
1BJ1,53,-21.7676,-0.4776,-2.4338,-0.4878,120.5519,-0.0376
1BJ1,54,74.0411,0.9876,98.0180,1.0304,164.7087,0.8142
1BJ1,55,96.5837,1.3323,115.6206,1.2964,162.5059,0.7717
1BJ1,56,100.1678,1.3871,117.6477,1.3271,171.3583,0.9425
1BJ1,57,61.7006,0.7989,78.0657,0.7288,159.8254,0.7200
1BJ1,58,-58.1408,-1.0339,-41.4513,-1.0775,141.5962,0.3684
1BJ1,59,54.8912,0.6947,73.2026,0.6553,162.6409,0.7743
1BJ1,60,36.5250,0.4138,46.6232,0.2536,150.8161,0.5462
1BJ1,61,67.4140,0.8862,81.9386,0.7874,158.0849,0.6865
1BJ1,62,38.1914,0.4393,61.4478,0.4777,135.3531,0.2480
1BJ1,63,5.4366,-0.0616,24.0585,-0.0874,141.2638,0.3620
1BJ1,64,24.7583,0.2339,60.1897,0.4587,125.7305,0.0623
1BJ1,65,-20.7330,-0.4618,8.8495,-0.3173,110.5508,-0.2305
1BJ1,66,51.7351,0.6464,87.8023,0.8760,153.3232,0.5946
1BJ1,67,65.0380,0.8499,96.9330,1.0140,156.0859,0.6479
1BJ1,68,-29.7533,-0.5998,1.8589,-0.4229,179.2068,1.0939
1BJ1,69,77.3721,1.0385,104.9053,1.1345,175.0763,1.0142
1BJ1,70,-59.1649,-1.0496,-38.3728,-1.0310,128.5031,0.1158
1BJ1,71,47.9959,0.5893,54.9156,0.3790,113.8231,-0.1673
1BJ1,72,15.0338,0.0852,20.0352,-0.1482,97.3224,-0.4856
1BJ1,73,25.4327,0.2442,33.4520,0.0546,130.4188,0.1528
1BJ1,74,91.1758,1.2496,96.8195,1.0123,191.4610,1.3303
1BJ1,75,109.5953,1.5313,124.1119,1.4248,196.8549,1.4343
1BJ1,76,93.1863,1.2804,109.8668,1.2095,194.0623,1.3805
1BJ1,77,72.1668,0.9589,93.1557,0.9569,162.2682,0.7671
1BJ1,78,73.7077,0.9825,82.7773,0.8000,187.5018,1.2539
1BJ1,79,4.2247,-0.0801,19.1859,-0.1610,170.9245,0.9341
1BJ1,80,79.6443,1.0733,109.6454,1.2061,189.9037,1.3002
1BJ1,81,98.6847,1.3645,109.9683,1.2110,203.6688,1.5658
1BJ1,82,84.7230,1.1509,123.5054,1.4156,184.1700,1.1896
1BJ1,83,89.2589,1.2203,110.0088,1.2116,211.7644,1.7219
1BJ1,84,56.2997,0.7163,87.2569,0.8677,171.7286,0.9496
1BJ1,85,61.6048,0.7974,96.2997,1.0044,191.4766,1.3306
1BJ1,86,66.1170,0.8664,80.7161,0.7689,165.8771,0.8368
1BJ1,87,-24.2662,-0.5158,-4.8378,-0.5241,159.9430,0.7223
1BJ1,88,64.6137,0.8434,89.8392,0.9068,194.6412,1.3916
1BJ1,89,-7.8132,-0.2642,10.0835,-0.2986,207.6271,1.6421
1BJ1,90,149.1576,2.1363,169.9125,2.1170,222.6928,1.9327
1BJ1,91,65.4968,0.8569,83.3976,0.8094,226.7659,2.0113
1BJ1,92,131.7459,1.8701,139.9577,1.6642,176.9882,1.0511
1BJ1,93,-23.0803,-0.4977,-8.6016,-0.5810,103.4452,-0.3675
1HGU,0,-21.6900,-0.4259,-20.1761,-0.6169,-1.2854,-1.5731
1HGU,1,-40.3120,-1.0537,-37.1475,-1.1621,-2.5359,-1.6173
1HGU,2,-28.5623,-0.6576,-23.3903,-0.7202,-4.3149,-1.6803
1HGU,3,-35.8706,-0.9040,-30.0703,-0.9348,-4.6574,-1.6924
1HGU,4,-37.5624,-0.9610,-26.8645,-0.8318,7.6259,-1.2578
1HGU,5,-20.2141,-0.3762,-14.1559,-0.4235,17.5038,-0.9083
1HGU,6,-45.9601,-1.2442,-36.6853,-1.1473,-3.3319,-1.6455
1HGU,7,-55.8994,-1.5793,-41.4384,-1.3000,0.7581,-1.5008
1HGU,8,-35.4201,-0.8888,-18.3491,-0.5582,18.8338,-0.8613
1HGU,9,-44.0130,-1.1785,-35.0037,-1.0932,8.8764,-1.2136
1HGU,10,-53.4865,-1.4979,-45.4953,-1.4303,5.9897,-1.3157
1HGU,11,-24.6220,-0.5248,-15.1918,-0.4568,26.4937,-0.5903
1HGU,12,-23.4022,-0.4836,-10.0072,-0.2903,21.9003,-0.7528
1HGU,13,-35.1134,-0.8785,-27.2017,-0.8426,1.2312,-1.4841
1HGU,14,-101.0545,-3.1016,-88.3664,-2.8074,15.9785,-0.9623
1HGU,15,-30.4030,-0.7197,-19.8775,-0.6073,29.0936,-0.4983
1HGU,16,-14.8037,-0.1938,-6.2813,-0.1706,21.9348,-0.7516
1HGU,17,-101.3560,-3.1118,-90.7318,-2.8834,4.3472,-1.3738
1HGU,18,-36.2664,-0.9174,-18.4096,-0.5602,19.8004,-0.8271
1HGU,19,-48.2853,-1.3226,-32.4262,-1.0105,23.6266,-0.6917
1HGU,20,-55.3126,-1.5595,-46.6081,-1.4660,2.0955,-1.4535
1HGU,21,-20.8177,-0.3965,-8.8670,-0.2536,23.7635,-0.6869
1HGU,22,-15.4088,-0.2142,-6.8926,-0.1902,35.1028,-0.2857
1HGU,23,-40.2271,-1.0509,-28.8466,-0.8955,8.7719,-1.2173
1HGU,24,-37.7052,-0.9659,-32.6259,-1.0169,10.5397,-1.1547
1HGU,25,-25.2024,-0.5443,-16.2020,-0.4893,24.0281,-0.6775
1HGU,26,-35.4562,-0.8900,-19.7901,-0.6045,21.4387,-0.7691
1HGU,27,-8.1941,0.0291,-0.1067,0.0278,11.1887,-1.1318
1HGU,28,-0.5511,0.2868,6.4726,0.2391,19.8525,-0.8252
1HGU,29,-27.7411,-0.6299,-12.4317,-0.3682,30.0048,-0.4660
1HGU,30,-36.2434,-0.9166,-27.4208,-0.8497,17.6726,-0.9024
1HGU,31,-39.6700,-1.0321,-35.5955,-1.1123,9.4874,-1.1920
1HGU,32,-32.7919,-0.8002,-29.7504,-0.9245,11.7966,-1.1103
1HGU,33,-24.8167,-0.5313,-16.3100,-0.4927,22.0075,-0.7490
1HGU,34,-12.0908,-0.1023,0.2067,0.0378,16.1406,-0.9566
1HGU,35,-13.0310,-0.1340,-8.0458,-0.2273,7.2625,-1.2707
1HGU,36,-63.4639,-1.8343,-59.5224,-1.8809,7.2585,-1.2708
1HGU,37,-64.9021,-1.8828,-62.3709,-1.9724,7.6784,-1.2560
1HGU,38,-35.0781,-0.8773,-27.6736,-0.8578,6.0622,-1.3131
1HGU,39,-56.1223,-1.5868,-48.7927,-1.5362,17.9847,-0.8913
1HGU,40,-43.5369,-1.1625,-39.1239,-1.2256,9.7394,-1.1830
1HGU,41,-33.5250,-0.8249,-29.4992,-0.9164,10.2409,-1.1653
1HGU,42,-33.3939,-0.8205,-27.6154,-0.8559,7.4787,-1.2630
1HGU,43,-27.8546,-0.6338,-18.3478,-0.5582,16.4361,-0.9461
1HGU,44,-41.3943,-1.0902,-34.4685,-1.0761,10.2171,-1.1661
1HGU,45,-13.9004,-0.1633,-11.6772,-0.3439,13.4530,-1.0516
1HGU,46,-19.0706,-0.3376,-15.1299,-0.4548,6.6689,-1.2917
1HGU,47,-26.4189,-0.5854,-19.0826,-0.5818,24.9495,-0.6449
1HGU,48,-33.3462,-0.8189,-31.2140,-0.9715,12.6297,-1.0808
1HGU,49,-22.5582,-0.4552,-20.1254,-0.6153,25.0720,-0.6406
1HGU,50,-17.0760,-0.2704,-12.1068,-0.3577,30.5737,-0.4459
1HGU,51,-2.3241,0.2270,6.1814,0.2298,54.1993,0.3900
1HGU,52,-5.3638,0.1245,10.6433,0.3731,51.1357,0.2816
1HGU,53,-22.7699,-0.4623,-16.3727,-0.4948,35.9265,-0.2565
1HGU,54,-32.5608,-0.7924,-29.0986,-0.9036,20.0235,-0.8192
1HGU,55,-9.3375,-0.0095,-5.8182,-0.1557,35.0331,-0.2881
1HGU,56,-4.9699,0.1378,3.0994,0.1308,30.4449,-0.4505
1HGU,57,-18.9478,-0.3335,-13.9192,-0.4159,14.8380,-1.0026
1HGU,58,-0.3806,0.2925,5.6104,0.2114,36.3138,-0.2428
1HGU,59,12.9575,0.7422,19.3936,0.6542,43.9639,0.0278
1HGU,60,-12.2410,-0.1074,-8.4919,-0.2416,37.2224,-0.2107
1HGU,61,-18.6481,-0.3234,-16.0844,-0.4855,9.1886,-1.2025
1HGU,62,-39.5411,-1.0278,-37.2806,-1.1664,13.9871,-1.0327
1HGU,63,-49.8099,-1.3740,-44.3897,-1.3948,32.2940,-0.3850
1HGU,64,-14.5131,-0.1840,-8.0388,-0.2270,38.9543,-0.1494
1HGU,65,-2.3855,0.2249,1.2590,0.0716,44.3936,0.0431
1HGU,66,-32.6178,-0.7943,-28.7825,-0.8934,23.3838,-0.7003
1HGU,67,-24.3708,-0.5163,-19.1504,-0.5840,15.0844,-0.9939
1HGU,68,-13.9377,-0.1646,-7.2887,-0.2029,36.1891,-0.2472
1HGU,69,-18.7379,-0.3264,-12.6387,-0.3748,44.2627,0.0384
1HGU,70,-16.3684,-0.2465,-7.0043,-0.1938,40.1216,-0.1081
1HGU,71,-1.0172,0.2710,12.7117,0.4395,48.6330,0.1930
1HGU,72,-21.7577,-0.4282,-11.6975,-0.3446,36.9874,-0.2190
1HGU,73,7.0826,0.5441,22.2052,0.7445,56.2298,0.4618
1HGU,74,15.5713,0.8303,32.9146,1.0885,55.5900,0.4392
1HGU,75,-32.7910,-0.8002,-19.8779,-0.6074,41.7155,-0.0517
1HGU,76,-1.1537,0.2664,11.3595,0.3961,58.1345,0.5292
1HGU,77,23.4470,1.0958,34.6783,1.1452,77.8734,1.2276
1HGU,78,15.1027,0.8145,29.6795,0.9846,60.1279,0.5997
1HGU,79,-12.9977,-0.1329,-2.7776,-0.0580,40.1228,-0.1081
1HGU,80,18.2310,0.9200,34.6615,1.1446,68.1599,0.8839
1HGU,81,12.3939,0.7232,30.4377,1.0090,68.1467,0.8835
1HGU,82,-11.0804,-0.0682,-1.9106,-0.0302,54.0874,0.3860
1HGU,83,-1.6713,0.2490,6.0039,0.2241,57.6771,0.5130
1HGU,84,-1.9340,0.2401,19.6605,0.6628,54.6150,0.4047
1HGU,85,-9.1367,-0.0027,5.6302,0.2121,41.8807,-0.0459
1HGU,86,9.9356,0.6403,13.6235,0.4688,43.7978,0.0220
1HGU,87,33.1100,1.4216,44.4206,1.4581,61.6227,0.6526
1HGU,88,1.2022,0.3459,11.7723,0.4094,46.5347,0.1188
1HGU,89,-19.9670,-0.3678,-17.8081,-0.5409,29.8411,-0.4718
1HGU,90,-29.4887,-0.6888,-25.2292,-0.7793,20.2357,-0.8117
1HGU,91,20.8255,1.0074,31.3044,1.0368,50.7212,0.2669
1HGU,92,-25.4566,-0.5529,-19.1389,-0.5836,22.5775,-0.7288
1HGU,93,-24.4735,-0.5198,-20.5580,-0.6292,32.9798,-0.3608
1HGU,94,-2.2156,0.2306,1.3770,0.0754,36.6741,-0.2301
1HGU,95,15.3376,0.8224,28.0280,0.9316,63.9191,0.7339
1HGU,96,17.0461,0.8800,23.1291,0.7742,63.2884,0.7116
1HGU,97,-14.8123,-0.1940,-10.0151,-0.2905,32.1361,-0.3906
1HGU,98,-11.7244,-0.0899,-7.0239,-0.1944,42.9947,-0.0064
1HGU,99,-14.2409,-0.1748,-10.8192,-0.3164,27.8164,-0.5435
1HGU,100,-21.9468,-0.4346,-18.5065,-0.5633,24.0453,-0.6769
1HGU,101,-23.7966,-0.4969,-20.6535,-0.6323,20.0378,-0.8187
1HGU,102,-10.5044,-0.0488,-9.0582,-0.2598,30.7824,-0.4385
1HGU,103,-18.1627,-0.3070,-16.5160,-0.4994,26.1247,-0.6033
1HGU,104,-20.9042,-0.3994,-19.5493,-0.5968,27.5974,-0.5512
1HGU,105,-71.9559,-2.1206,-69.2828,-2.1944,38.7173,-0.1578
1HGU,106,-11.3005,-0.0757,-8.3011,-0.2355,38.2197,-0.1754
1HGU,107,6.4362,0.5223,10.5326,0.3695,51.0655,0.2791
1HGU,108,11.9976,0.7098,22.4056,0.7509,57.5729,0.5093
1HGU,109,-13.2086,-0.1400,-1.7776,-0.0259,48.5118,0.1888
1HGU,110,7.4990,0.5582,14.4433,0.4952,50.2557,0.2505
1HGU,111,5.3424,0.4854,19.8818,0.6699,50.6606,0.2648
1HGU,112,27.7395,1.2405,45.4170,1.4901,68.1701,0.8843
1HGU,113,-72.0680,-2.1244,-61.5460,-1.9459,47.9732,0.1697
1HGU,114,-26.0047,-0.5714,-19.2385,-0.5868,48.4910,0.1880
1HGU,115,28.1294,1.2537,44.1135,1.4483,82.5873,1.3944
1HGU,116,-77.8488,-2.3193,-66.7444,-2.1129,53.6194,0.3695
1HGU,117,4.0097,0.4405,9.5010,0.3364,45.0039,0.0646
1HGU,118,-2.4040,0.2243,3.0669,0.1297,46.9481,0.1334
1HGU,119,24.4030,1.1281,40.6668,1.3376,80.2695,1.3124
1HGU,120,-15.4559,-0.2157,-4.8133,-0.1234,49.7955,0.2342
1HGU,121,-7.8590,0.0404,-1.7938,-0.0264,49.3634,0.2189
1HGU,122,8.9741,0.6079,25.1543,0.8392,59.7817,0.5875
1HGU,123,3.1691,0.4122,16.7533,0.5694,51.9206,0.3094
1HGU,124,17.5692,0.8977,20.0913,0.6766,47.8018,0.1636
1HGU,125,-16.1040,-0.2376,-8.5188,-0.2425,26.1291,-0.6032
1HGU,126,-0.1432,0.3005,10.5177,0.3691,57.4534,0.5051
1HGU,127,-15.6436,-0.2221,-9.7075,-0.2806,45.7592,0.0914
1HGU,128,-7.1200,0.0653,-4.8459,-0.1245,31.0211,-0.4301
1HGU,129,-16.2621,-0.2429,-15.3727,-0.4626,31.4724,-0.4141
1HGU,130,12.3584,0.7220,14.9152,0.5103,47.7289,0.1611
1HGU,131,26.7901,1.2085,29.4209,0.9763,39.0454,-0.1462
1HGU,132,-24.4418,-0.5187,-21.6548,-0.6644,22.6226,-0.7272
1HGU,133,-1.2058,0.2647,2.5779,0.1140,56.5210,0.4721
1HGU,134,-6.2694,0.0940,-5.4213,-0.1430,35.8377,-0.2597
1HGU,135,-5.5196,0.1192,-1.8312,-0.0276,43.8926,0.0253
1HGU,136,-6.3625,0.0908,-3.3169,-0.0754,37.4686,-0.2020
1HGU,137,-13.2976,-0.1430,-9.7382,-0.2816,17.4691,-0.9096
1HGU,138,-25.9613,-0.5699,-22.4971,-0.6915,17.7168,-0.9008
1HGU,139,-28.1179,-0.6426,-22.4033,-0.6885,30.3426,-0.4541
1HGU,140,-8.4068,0.0219,-4.0702,-0.0996,34.2539,-0.3157
1HGU,141,-1.2078,0.2646,4.2674,0.1683,46.4486,0.1158
1HGU,142,15.6023,0.8313,21.6037,0.7252,47.4081,0.1497
1HGU,143,21.6020,1.0336,31.4122,1.0403,84.3040,1.4551
1HGU,144,-18.1567,-0.3068,-7.1562,-0.1987,36.6566,-0.2307
1HGU,145,-29.8680,-0.7016,-25.9716,-0.8031,64.9226,0.7694
1HGU,146,38.7489,1.6117,43.5936,1.4316,80.9458,1.3363
1HGU,147,7.2723,0.5505,9.2087,0.3270,57.5493,0.5085
1HGU,148,3.7742,0.4326,6.2112,0.2307,52.6106,0.3338
1HGU,149,-3.1821,0.1981,1.3822,0.0756,40.4262,-0.0973
1HGU,150,-14.6492,-0.1886,-10.2359,-0.2976,47.6819,0.1594
1HGU,151,-6.4817,0.0868,-3.2175,-0.0722,41.0406,-0.0756
1HGU,152,-26.8461,-0.5998,-22.8430,-0.7026,37.0255,-0.2176
1HGU,153,12.1412,0.7147,16.7538,0.5694,63.1588,0.7070
1HGU,154,13.4424,0.7585,22.3895,0.7504,64.2149,0.7443
1HGU,155,17.5638,0.8975,25.7342,0.8579,57.8677,0.5198
1HGU,156,-10.0985,-0.0351,-1.4028,-0.0139,77.9329,1.2297
1HGU,157,30.0539,1.3186,39.6886,1.3061,96.4034,1.8832
1HGU,158,8.1515,0.5802,24.1039,0.8055,68.3905,0.8921
1HGU,159,46.0049,1.8563,51.8391,1.6964,90.6421,1.6794
1HGU,160,46.9067,1.8867,62.1499,2.0277,93.9949,1.7980
1HGU,161,27.8176,1.2432,41.8513,1.3756,81.0711,1.3407
1HGU,162,10.6540,0.6645,24.5699,0.8205,76.1984,1.1683
1HGU,163,49.5538,1.9760,60.3399,1.9695,107.5377,2.2771
1HGU,164,77.0999,2.9047,93.4869,3.0343,112.1844,2.4415
1HGU,165,13.6956,0.7671,30.5913,1.0139,62.3995,0.6801
1HGU,166,-1.2242,0.2641,9.8323,0.3470,65.0006,0.7721
1HGU,167,-75.9772,-2.2562,-63.8000,-2.0183,104.9847,2.1868
1HGU,168,56.3043,2.2036,72.8896,2.3727,110.0243,2.3651
1HGU,169,49.6673,1.9798,57.2036,1.8688,105.1114,2.1913
1HGU,170,-1.1254,0.2674,13.9699,0.4800,111.0570,2.4016
1HGU,171,45.6238,1.8435,61.0244,1.9915,109.1328,2.3336
1HGU,172,0.2210,0.3128,13.4996,0.4648,91.2357,1.7004
1HGU,173,41.9861,1.7209,52.4559,1.7163,106.8446,2.2526
1HGU,174,59.8497,2.3231,77.6853,2.5267,106.6787,2.2467
1HGU,175,73.1941,2.7730,88.5825,2.8768,113.6212,2.4924
1HGU,176,-16.2816,-0.2436,-5.3998,-0.1423,81.3659,1.3512
1HGU,177,29.8678,1.3123,44.3101,1.4546,88.5672,1.6059
1HGU,178,62.4507,2.4108,75.9385,2.4706,117.3694,2.6250
1HGU,179,30.2859,1.3264,43.0836,1.4152,88.0785,1.5887
1HGU,180,51.3661,2.0371,59.2894,1.9358,87.3147,1.5616
1HGU,181,-13.5212,-0.1505,-2.7566,-0.0574,68.8545,0.9085
1HGU,182,15.9403,0.8427,19.9937,0.6735,76.8419,1.1911
1HGU,183,22.8864,1.0769,30.4778,1.0102,73.6276,1.0774
1HGU,184,10.9171,0.6734,12.4734,0.4319,58.4247,0.5395
1HGU,185,10.6954,0.6659,11.4934,0.4004,52.3068,0.3230
1HGU,186,5.8670,0.5031,7.7242,0.2793,55.1333,0.4230
1HGU,187,21.4197,1.0275,24.5807,0.8208,57.2390,0.4975
1HGU,188,26.8593,1.2109,27.5395,0.9159,34.9770,-0.2901
1JRH,0,1.6049,1.6374,3.8029,1.3356,5.6687,-1.0442
1JRH,1,-17.9275,0.7293,-7.3285,0.8056,8.2962,-0.8347
1JRH,2,-30.6007,0.1401,-22.7459,0.0714,3.6118,-1.2082
1JRH,3,-25.3616,0.3837,-18.1532,0.2901,9.5535,-0.7344
1JRH,4,-26.6162,0.3253,-13.3364,0.5195,10.3012,-0.6748
1JRH,5,-46.7711,-0.6117,-39.9046,-0.7456,2.0479,-1.3330
1JRH,6,-47.6817,-0.6540,-43.2171,-0.9033,1.3639,-1.3875
1JRH,7,-41.2164,-0.3534,-27.4610,-0.1531,5.6351,-1.0469
1JRH,8,-50.8484,-0.8013,-43.4062,-0.9123,4.5198,-1.1358
1JRH,9,-39.0671,-0.2535,-24.6473,-0.0191,7.8278,-0.8720
1JRH,10,-55.2628,-1.0065,-48.3131,-1.1460,3.3551,-1.2287
1JRH,11,-35.7473,-0.0992,-28.9950,-0.2261,13.5906,-0.4124
1JRH,12,-44.9138,-0.5253,-40.5012,-0.7740,1.2064,-1.4001
1JRH,13,-39.3045,-0.2646,-35.6555,-0.5433,2.1796,-1.3225
1JRH,14,-34.4308,-0.0380,-29.5039,-0.2503,9.9684,-0.7013
1JRH,15,-24.7526,0.4120,-19.0775,0.2461,8.4011,-0.8263
1JRH,16,-24.0781,0.4433,-11.8030,0.5925,11.8773,-0.5491
1JRH,17,-48.3533,-0.6853,-33.0842,-0.4208,-0.7930,-1.5595
1JRH,18,-43.5197,-0.4605,-28.2073,-0.1886,11.4686,-0.5816
1JRH,19,-61.7329,-1.3073,-46.7044,-1.0694,0.5144,-1.4553
1JRH,20,-54.0137,-0.9484,-26.0681,-0.0867,2.5877,-1.2899
1JRH,21,-62.0507,-1.3221,-55.2965,-1.4785,2.5601,-1.2921
1JRH,22,-38.6099,-0.2323,-21.6991,0.1213,4.3273,-1.1512
1JRH,23,-42.6134,-0.4184,-35.4001,-0.5311,1.6248,-1.3667
1JRH,24,-40.1368,-0.3033,-36.9403,-0.6044,2.5178,-1.2955
1JRH,25,-21.9986,0.5400,-13.1543,0.5282,5.0986,-1.0897
1JRH,26,-19.8612,0.6394,-18.1707,0.2893,7.7001,-0.8822
1JRH,27,-39.5914,-0.2779,-33.3339,-0.4327,3.1330,-1.2464
1JRH,28,-17.1772,0.7642,-13.6609,0.5040,12.5790,-0.4931
1JRH,29,-14.4726,0.8899,-4.4282,0.9437,16.2603,-0.1995
1JRH,30,-40.2498,-0.3085,-28.4769,-0.2014,16.0747,-0.2143
1JRH,31,-42.9775,-0.4353,-21.5729,0.1273,16.9191,-0.1470
1JRH,32,-33.0218,0.0275,-19.5575,0.2233,24.3833,0.4483
1JRH,33,-30.2165,0.1580,-15.0031,0.4401,25.7770,0.5595
1JRH,34,-114.8232,-3.7756,-102.8603,-3.7432,18.6275,-0.0107
1JRH,35,-14.5089,0.8882,-0.2545,1.1424,25.3266,0.5236
1JRH,36,-67.5517,-1.5778,-50.9025,-1.2692,13.7890,-0.3966
1JRH,37,-53.2443,-0.9127,-41.3332,-0.8136,26.3365,0.6041
1JRH,38,-40.8896,-0.3383,-28.7911,-0.2164,9.1396,-0.7674
1JRH,39,-24.2137,0.4370,-19.8350,0.2100,16.4974,-0.1806
1JRH,40,-18.5684,0.6995,-15.4752,0.4176,14.5259,-0.3378
1JRH,41,-44.8633,-0.5230,-39.2486,-0.7143,13.8710,-0.3900
1JRH,42,-49.4253,-0.7351,-44.8163,-0.9794,11.8290,-0.5529
1JRH,43,-47.6912,-0.6545,-42.3827,-0.8636,17.3391,-0.1135
1JRH,44,-54.6710,-0.9790,-49.2557,-1.1908,5.6132,-1.0486
1JRH,45,-37.7699,-0.1932,-15.3961,0.4214,5.0167,-1.0962
1JRH,46,-45.4542,-0.5505,-37.1166,-0.6128,15.1861,-0.2852
1JRH,47,-35.3196,-0.0793,-28.2159,-0.1890,12.2105,-0.5225
1JRH,48,-18.4492,0.7050,-11.4025,0.6116,27.7723,0.7186
1JRH,49,-18.8477,0.6865,-9.5958,0.6976,29.0528,0.8207
1JRH,50,-28.0051,0.2608,-20.2464,0.1905,12.4508,-0.5033
1JRH,51,-39.1531,-0.2575,-30.6545,-0.3051,10.6823,-0.6444
1JRH,52,-36.3442,-0.1269,-23.0592,0.0565,15.3055,-0.2756
1JRH,53,-28.3700,0.2438,-23.3184,0.0442,14.8721,-0.3102
1JRH,54,-35.2959,-0.0782,-24.4650,-0.0104,9.5881,-0.7316
1JRH,55,-33.1047,0.0237,-20.1918,0.1931,15.5062,-0.2596
1JRH,56,-38.1742,-0.2120,-25.3205,-0.0511,13.5653,-0.4144
1JRH,57,-21.3866,0.5685,-9.7528,0.6901,30.6138,0.9452
1JRH,58,-24.7234,0.4133,-15.8307,0.4007,19.9454,0.0944
1JRH,59,-24.0951,0.4426,-7.6865,0.7885,27.2295,0.6753
1JRH,60,-38.5159,-0.2279,-32.4442,-0.3903,21.8901,0.2495
1JRH,61,-23.7416,0.4590,-20.5397,0.1765,20.2457,0.1183
1JRH,62,-29.5486,0.1890,-18.6221,0.2678,22.1211,0.2679
1JRH,63,-15.0677,0.8623,-7.4175,0.8013,33.2260,1.1536
1JRH,64,-20.0462,0.6308,-17.5978,0.3166,30.2754,0.9182
1JRH,65,-62.6859,-1.3516,-58.5542,-1.6336,23.6777,0.3921
1JRH,66,-1.8131,1.4785,2.0671,1.2529,26.7103,0.6339
1JRH,67,-38.1667,-0.2117,-36.9632,-0.6055,24.7203,0.4752
1JRH,68,-35.5183,-0.0885,-23.9632,0.0135,26.9401,0.6522
1JRH,69,-32.0003,0.0750,-24.3529,-0.0051,36.2955,1.3984
1JRH,70,-7.9099,1.1950,8.7822,1.5727,40.2603,1.7146
1JRH,71,-35.9974,-0.1108,-15.9828,0.3935,24.4236,0.4515
1JRH,72,7.9162,1.9308,21.7418,2.1897,49.1267,2.4217
1JRH,73,-60.1833,-1.2353,-41.7315,-0.8326,25.1292,0.5078
1JRH,74,-6.2457,1.2724,9.1521,1.5903,45.9165,2.1657
1JRH,75,-86.7810,-2.4718,-70.9752,-2.2250,34.1561,1.2277
1JRH,76,-1.4922,1.4934,8.4878,1.5586,48.8962,2.4033
1JRH,77,-63.5154,-1.3902,-49.8499,-1.2191,27.4011,0.6890
1JRH,78,-25.9226,0.3576,-15.7725,0.4035,33.5070,1.1760
1JRH,79,-21.1637,0.5788,-18.8481,0.2570,27.7606,0.7177
1JRH,80,-19.1439,0.6728,-15.8685,0.3989,12.9532,-0.4632
1JRH,81,-27.2369,0.2965,-20.8131,0.1635,16.7380,-0.1614
1JRH,82,-124.4916,-4.2251,-116.5067,-4.3930,33.2151,1.1527
1JRH,83,-25.1955,0.3914,-16.7320,0.3578,40.7746,1.7556
1JRH,84,-16.2857,0.8056,-12.8204,0.5440,35.7919,1.3582
1JRH,85,-27.7181,0.2741,-12.5857,0.5552,32.0867,1.0627
1JRH,86,1.7461,1.6440,8.4423,1.5565,43.8752,2.0029
1JRH,87,-18.7573,0.6907,-9.8548,0.6853,30.2404,0.9154
1JRH,88,-42.5805,-0.4169,-34.2988,-0.4787,39.3373,1.6410
1JRH,89,-28.5229,0.2367,-24.5813,-0.0160,26.8203,0.6427
1JRH,90,-29.3503,0.1982,-23.0345,0.0577,26.0462,0.5809
1JRH,91,-10.3544,1.0814,3.3236,1.3128,38.6648,1.5873
1JRH,92,-3.7360,1.3891,0.9869,1.2015,37.6962,1.5101
1JRH,93,-9.6155,1.1157,-4.8235,0.9248,20.7127,0.1556
1JRH,94,14.8216,2.2519,17.5618,1.9907,30.7074,0.9527
1OKE,0,-10.7366,-0.8305,0.9759,-0.7846,62.2113,-0.6794
1OKE,1,-103.8294,-2.1243,-93.0991,-2.0689,25.0982,-1.2393
1OKE,2,-36.1240,-1.1834,-25.0014,-1.1392,26.7060,-1.2150
1OKE,3,36.3876,-0.1756,42.6657,-0.2155,76.4838,-0.4641
1OKE,4,8.1691,-0.5678,8.8493,-0.6772,49.8912,-0.8653
1OKE,5,-30.9279,-1.1112,-19.0882,-1.0585,16.3317,-1.3716
1OKE,6,-25.6700,-1.0381,-23.5180,-1.1190,19.4099,-1.3251
1OKE,7,-35.7500,-1.1782,-28.2161,-1.1831,9.7613,-1.4707
1OKE,8,-106.5118,-2.1616,-92.9142,-2.0663,38.4786,-1.0374
1OKE,9,-78.8689,-1.7774,-71.1375,-1.7691,6.1353,-1.5254
1OKE,10,3.2666,-0.6359,17.7295,-0.5559,45.4990,-0.9315
1OKE,11,-50.0049,-1.3763,-40.6062,-1.3523,6.7918,-1.5155
1OKE,12,-97.0697,-2.0304,-92.2317,-2.0570,15.5239,-1.3837
1OKE,13,-29.5532,-1.0920,-25.8999,-1.1515,10.5562,-1.4587
1OKE,14,-44.9970,-1.3067,-41.5087,-1.3646,1.9594,-1.5884
1OKE,15,-38.4326,-1.2155,-36.6218,-1.2979,4.3225,-1.5527
1OKE,16,-35.0806,-1.1689,-34.9327,-1.2748,5.5854,-1.5337
1OKE,17,-29.7853,-1.0953,-27.6026,-1.1748,17.1316,-1.3595
1OKE,18,-17.4040,-0.9232,-11.0404,-0.9487,35.5603,-1.0815
1OKE,19,-30.6673,-1.1075,-17.1694,-1.0323,15.4545,-1.3848
1OKE,20,-34.9103,-1.1665,-23.0117,-1.1121,27.9872,-1.1957
1OKE,21,-43.9321,-1.2919,-37.5805,-1.3110,33.0770,-1.1189
1OKE,22,-19.0363,-0.9459,-5.4786,-0.8727,32.5375,-1.1271
1OKE,23,-12.3919,-0.8535,-4.3825,-0.8578,28.0287,-1.1951
1OKE,24,-9.2164,-0.8094,4.8235,-0.7321,44.5506,-0.9458
1OKE,25,-26.0543,-1.0434,-16.8303,-1.0277,30.2236,-1.1620
1OKE,26,17.2183,-0.4420,25.1182,-0.4551,58.2905,-0.7385
1OKE,27,-28.6962,-1.0801,-25.8440,-1.1508,25.8145,-1.2285
1OKE,28,-44.5921,-1.3011,-36.3615,-1.2943,11.8265,-1.4395
1OKE,29,-43.0247,-1.2793,-31.6784,-1.2304,8.6917,-1.4868
1OKE,30,-37.0018,-1.1956,-22.8713,-1.1102,12.5743,-1.4282
1OKE,31,-44.3705,-1.2980,-32.3337,-1.2393,34.1346,-1.1030
1OKE,32,-21.2721,-0.9770,-8.5172,-0.9142,35.2071,-1.0868
1OKE,33,-17.2831,-0.9215,-3.4592,-0.8452,35.4523,-1.0831
1OKE,34,5.8623,-0.5998,12.7980,-0.6232,37.5786,-1.0510
1OKE,35,-21.2236,-0.9763,-17.0695,-1.0310,17.9030,-1.3479
1OKE,36,-16.3580,-0.9087,-11.4097,-0.9537,28.1184,-1.1937
1OKE,37,-33.9570,-1.1533,-22.3508,-1.1031,39.1748,-1.0269
1OKE,38,35.6777,-0.1855,47.8213,-0.1451,75.2469,-0.4827
1OKE,39,16.3129,-0.4546,27.8668,-0.4175,78.0270,-0.4408
1OKE,40,-5.4346,-0.7569,11.3826,-0.6426,52.6304,-0.8239
1OKE,41,-127.5607,-2.4542,-114.1618,-2.3564,34.4868,-1.0977
1OKE,42,-11.0382,-0.8347,6.5039,-0.7092,46.9722,-0.9093
1OKE,43,-68.6404,-1.6353,-56.5716,-1.5702,31.6646,-1.1402
1OKE,44,5.0652,-0.6109,22.5158,-0.4906,41.8256,-0.9869
1OKE,45,0.7352,-0.6711,11.5713,-0.6400,36.8591,-1.0619
1OKE,46,-50.9314,-1.3892,-41.1200,-1.3593,36.5124,-1.0671
1OKE,47,-13.8777,-0.8742,-2.2445,-0.8286,59.3573,-0.7225
1OKE,48,-80.7228,-1.8032,-72.5860,-1.7888,37.0632,-1.0588
1OKE,49,12.2465,-0.5111,17.4156,-0.5602,43.3452,-0.9640
1OKE,50,-84.8672,-1.8608,-78.0589,-1.8635,23.3251,-1.2661
1OKE,51,-16.9301,-0.9166,-14.5600,-0.9967,16.3346,-1.3715
1OKE,52,-2.6993,-0.7188,6.0120,-0.7159,37.0601,-1.0588
1OKE,53,-17.7877,-0.9285,-13.0045,-0.9755,37.9787,-1.0450
1OKE,54,1.0126,-0.6672,10.8738,-0.6495,51.9864,-0.8337
1OKE,55,20.5300,-0.3960,31.2094,-0.3719,55.0539,-0.7874
1OKE,56,0.5042,-0.6743,21.7878,-0.5005,65.3068,-0.6327
1OKE,57,-51.5711,-1.3981,-36.6362,-1.2981,59.6365,-0.7182
1OKE,58,-2.2658,-0.7128,19.9045,-0.5262,77.9631,-0.4418
1OKE,59,37.5047,-0.1601,51.8220,-0.0905,85.7589,-0.3241
1OKE,60,29.9267,-0.2654,46.5333,-0.1627,83.2029,-0.3627
1OKE,61,-86.5465,-1.8841,-75.0367,-1.8223,60.4521,-0.7059
1OKE,62,46.2572,-0.0384,56.2487,-0.0301,79.7989,-0.4141
1OKE,63,-10.5240,-0.8276,-0.9130,-0.8104,29.3985,-1.1744
1OKE,64,11.4386,-0.5223,24.0545,-0.4696,69.6698,-0.5669
1OKE,65,-22.3471,-0.9919,-15.5648,-1.0104,34.0939,-1.1036
1OKE,66,-22.9399,-1.0001,-17.1205,-1.0317,26.0282,-1.2253
1OKE,67,-4.9392,-0.7500,2.1051,-0.7692,46.6700,-0.9139
1OKE,68,-20.6076,-0.9677,-12.4642,-0.9681,39.9709,-1.0149
1OKE,69,-16.0628,-0.9046,-8.9785,-0.9205,35.6967,-1.0794
1OKE,70,-32.1182,-1.1277,-22.1927,-1.1009,32.9316,-1.1211
1OKE,71,19.8125,-0.4060,27.4983,-0.4226,53.9333,-0.8043
1OKE,72,-65.6812,-1.5942,-51.0780,-1.4952,31.0730,-1.1492
1OKE,73,-5.8590,-0.7627,2.2526,-0.7672,45.7551,-0.9277
1OKE,74,12.1117,-0.5130,22.8818,-0.4856,47.6680,-0.8988
1OKE,75,-23.9593,-1.0143,-21.7167,-1.0944,19.7765,-1.3196
1OKE,76,-30.7039,-1.1080,-25.1567,-1.1414,28.8528,-1.1827
1OKE,77,-24.7205,-1.0249,-21.8387,-1.0961,30.5849,-1.1565
1OKE,78,-7.1450,-0.7806,-1.9199,-0.8242,36.4130,-1.0686
1OKE,79,20.8349,-0.3918,34.1042,-0.3324,47.5498,-0.9006
1OKE,80,-19.3112,-0.9497,-13.7509,-0.9857,34.8398,-1.0923
1OKE,81,-3.4470,-0.7292,11.6413,-0.6390,42.4355,-0.9777
1OKE,82,-36.8204,-1.1930,-32.0753,-1.2358,24.1692,-1.2533
1OKE,83,-18.9593,-0.9448,-6.1997,-0.8826,50.0404,-0.8630
1OKE,84,-29.6785,-1.0938,-21.6107,-1.0930,45.1894,-0.9362
1OKE,85,-36.9275,-1.1945,-33.6987,-1.2580,26.0474,-1.2250
1OKE,86,-60.2656,-1.5189,-53.4059,-1.5270,45.8450,-0.9263
1OKE,87,-8.7234,-0.8026,-2.9051,-0.8376,35.0388,-1.0893
1OKE,88,-60.2160,-1.5182,-49.4805,-1.4734,63.9693,-0.6529
1OKE,89,-13.1680,-0.8643,7.2088,-0.6995,53.7184,-0.8075
1OKE,90,22.2228,-0.3725,33.7202,-0.3376,75.8740,-0.4733
1OKE,91,41.2178,-0.1085,50.8273,-0.1041,81.3238,-0.3911
1OKE,92,-17.7963,-0.9287,-7.8377,-0.9049,64.3652,-0.6469
1OKE,93,-18.8086,-0.9427,-7.6805,-0.9028,58.5482,-0.7347
1OKE,94,15.6781,-0.4634,21.6913,-0.5018,70.3868,-0.5561
1OKE,95,10.4612,-0.5359,19.0528,-0.5379,54.8941,-0.7898
1OKE,96,4.7001,-0.6160,17.3786,-0.5607,64.5215,-0.6445
1OKE,97,-49.0973,-1.3637,-42.3467,-1.3760,64.9066,-0.6387
1OKE,98,-26.9948,-1.0565,-10.7860,-0.9452,61.5817,-0.6889
1OKE,99,-18.8768,-0.9437,-11.6168,-0.9565,41.8448,-0.9867
1OKE,100,-19.9790,-0.9590,-13.1725,-0.9778,24.3364,-1.2508
1OKE,101,-10.5397,-0.8278,-9.6864,-0.9302,30.2705,-1.1613
1OKE,102,-29.4861,-1.0911,-24.3759,-1.1307,43.7279,-0.9582
1OKE,103,-12.9216,-0.8609,-11.4635,-0.9544,33.2847,-1.1158
1OKE,104,-4.1984,-0.7397,4.9922,-0.7298,44.7523,-0.9428
1OKE,105,7.4923,-0.5772,9.1750,-0.6727,44.9269,-0.9402
1OKE,106,-10.3809,-0.8256,-2.2581,-0.8288,37.7057,-1.0491
1OKE,107,-18.3493,-0.9363,-10.1626,-0.9367,35.2800,-1.0857
1OKE,108,19.9331,-0.4043,24.5857,-0.4623,54.2807,-0.7990
1OKE,109,-43.7923,-1.2899,-36.0480,-1.2900,30.7890,-1.1535
1OKE,110,11.4208,-0.5226,18.6530,-0.5433,72.0630,-0.5308
1OKE,111,14.1767,-0.4843,21.5810,-0.5034,69.4529,-0.5701
1OKE,112,31.7315,-0.2403,48.5273,-0.1355,83.4709,-0.3587
1OKE,113,7.7830,-0.5732,24.4832,-0.4637,62.9950,-0.6676
1OKE,114,21.7404,-0.3792,35.2075,-0.3173,87.5805,-0.2967
1OKE,115,28.5935,-0.2839,41.1349,-0.2364,85.3253,-0.3307
1OKE,116,36.1191,-0.1793,46.6420,-0.1612,92.3342,-0.2249
1OKE,117,6.3506,-0.5931,21.4033,-0.5058,61.1759,-0.6950
1OKE,118,45.7389,-0.0456,65.8951,0.1016,95.4057,-0.1786
1OKE,119,2.2039,-0.6507,10.8929,-0.6493,61.2920,-0.6933
1OKE,120,48.4352,-0.0082,58.8503,0.0054,84.3088,-0.3460
1OKE,121,10.5277,-0.5350,18.2945,-0.5482,54.1570,-0.8009
1OKE,122,-69.8868,-1.6526,-60.4629,-1.6233,57.1475,-0.7558
1OKE,123,15.1101,-0.4713,25.8158,-0.4455,69.7705,-0.5654
1OKE,124,51.4942,0.0343,67.0026,0.1167,114.3774,0.1076
1OKE,125,-55.4858,-1.4525,-43.3923,-1.3903,75.4494,-0.4797
1OKE,126,48.2809,-0.0103,55.4565,-0.0409,93.4338,-0.2084
1OKE,127,-45.4963,-1.3136,-30.6749,-1.2167,66.5310,-0.6142
1OKE,128,15.6416,-0.4639,27.7014,-0.4198,71.5211,-0.5389
1OKE,129,39.1790,-0.1368,50.7014,-0.1058,84.8205,-0.3383
1OKE,130,9.7830,-0.5454,17.9928,-0.5523,50.5330,-0.8556
1OKE,131,37.0202,-0.1668,45.1267,-0.1819,71.1126,-0.5451
1OKE,132,-14.3192,-0.8803,-6.4602,-0.8861,58.4267,-0.7365
1OKE,133,-1.6857,-0.7047,8.4588,-0.6825,60.9412,-0.6986
1OKE,134,33.7822,-0.2118,47.3323,-0.1518,92.7928,-0.2180
1OKE,135,-77.8849,-1.7638,-65.7677,-1.6958,48.8733,-0.8806
1OKE,136,42.6102,-0.0891,62.2230,0.0515,99.1492,-0.1221
1OKE,137,-8.1159,-0.7941,5.0017,-0.7297,51.6253,-0.8391
1OKE,138,19.1854,-0.4147,33.6828,-0.3381,73.3883,-0.5108
1OKE,139,28.8158,-0.2808,41.7933,-0.2274,79.2511,-0.4223
1OKE,140,26.2038,-0.3171,40.4339,-0.2460,85.6175,-0.3263
1OKE,141,50.8154,0.0249,61.8065,0.0458,90.4565,-0.2533
1OKE,142,94.6918,0.6347,106.9224,0.6616,125.1979,0.2709
1OKE,143,38.6898,-0.1436,53.1998,-0.0717,114.4995,0.1095
1OKE,144,94.6760,0.6345,101.1925,0.5834,144.8549,0.5674
1OKE,145,130.5518,1.1331,134.6114,1.0396,181.5595,1.1212
1OKE,146,12.4720,-0.5080,19.8437,-0.5271,103.4854,-0.0567
1OKE,147,15.4783,-0.4662,21.0200,-0.5110,111.6964,0.0672
1OKE,148,13.8800,-0.4884,20.9438,-0.5120,76.6886,-0.4610
1OKE,149,67.7701,0.2605,74.5401,0.2196,115.8395,0.1297
1OKE,150,86.7941,0.5249,92.8215,0.4692,130.6392,0.3529
1OKE,151,38.7598,-0.1426,39.6414,-0.2568,81.3851,-0.3901
1OKE,152,14.0379,-0.4862,21.2120,-0.5084,71.2449,-0.5431
1OKE,153,-24.0271,-1.0152,-21.5621,-1.0923,39.3255,-1.0247
1OKE,154,-10.5707,-0.8282,-7.0734,-0.8945,40.7503,-1.0032
1OKE,155,50.0388,0.0141,53.5753,-0.0666,77.5682,-0.4477
1OKE,156,9.3343,-0.5516,12.6458,-0.6253,44.1170,-0.9524
1OKE,157,43.7002,-0.0740,51.2357,-0.0985,97.8549,-0.1417
1OKE,158,55.5421,0.0906,61.4410,0.0408,96.2344,-0.1661
1OKE,159,-12.0055,-0.8482,-3.5891,-0.8469,82.3264,-0.3759
1OKE,160,-30.2153,-1.1013,-22.1903,-1.1009,65.5178,-0.6295
1OKE,161,62.8843,0.1926,73.9271,0.2112,100.9381,-0.0951
1OKE,162,-47.2876,-1.3385,-38.9583,-1.3298,61.0230,-0.6973
1OKE,163,45.7188,-0.0459,59.5419,0.0149,107.1483,-0.0015
1OKE,164,37.3064,-0.1628,45.1049,-0.1822,82.2205,-0.3775
1OKE,165,93.9693,0.6247,105.0490,0.6361,118.2916,0.1667
1OKE,166,29.1822,-0.2757,34.5075,-0.3269,77.0556,-0.4554
1OKE,167,6.9272,-0.5850,10.4169,-0.6558,53.5198,-0.8105
1OKE,168,6.1120,-0.5964,10.8931,-0.6493,53.5046,-0.8108
1OKE,169,19.3447,-0.4125,26.5822,-0.4351,69.2196,-0.5737
1OKE,170,27.6798,-0.2966,35.8915,-0.3080,83.2931,-0.3613
1OKE,171,-4.2308,-0.7401,2.1339,-0.7688,68.2448,-0.5884
1OKE,172,60.3357,0.1572,66.2217,0.1060,111.8092,0.0689
1OKE,173,5.1277,-0.6101,11.9974,-0.6342,80.6541,-0.4012
1OKE,174,64.4657,0.2146,79.4484,0.2866,114.5792,0.1107
1OKE,175,1.9692,-0.6540,6.0134,-0.7159,57.1939,-0.7551
1OKE,176,46.4889,-0.0352,49.9120,-0.1166,91.1864,-0.2423
1OKE,177,52.5635,0.0492,67.9811,0.1301,107.4395,0.0029
1OKE,178,51.8151,0.0388,57.5547,-0.0123,106.1271,-0.0169
1OKE,179,43.6624,-0.0745,54.8125,-0.0497,94.7166,-0.1890
1OKE,180,97.4324,0.6728,110.4564,0.7099,146.4618,0.5916
1OKE,181,63.1031,0.1957,74.1081,0.2137,122.0235,0.2230
1OKE,182,65.2680,0.2258,80.5163,0.3012,122.3136,0.2273
1OKE,183,-16.2317,-0.9069,-7.8091,-0.9046,99.3107,-0.1197
1OKE,184,82.4687,0.4648,92.8787,0.4699,132.9614,0.3880
1OKE,185,55.3416,0.0878,61.4395,0.0408,90.6260,-0.2507
1OKE,186,98.7819,0.6915,106.3421,0.6537,118.7445,0.1735
1OKE,187,17.3939,-0.4396,22.0814,-0.4965,72.9506,-0.5174
1OKE,188,18.7899,-0.4202,22.4506,-0.4915,79.6536,-0.4163
1OKE,189,47.0104,-0.0280,49.3852,-0.1238,85.7204,-0.3247
1OKE,190,39.4082,-0.1336,45.5988,-0.1755,88.3046,-0.2857
1OKE,191,14.3453,-0.4820,20.2789,-0.5211,79.8949,-0.4126
1OKE,192,87.2024,0.5306,99.4490,0.5596,130.8962,0.3568
1OKE,193,-4.8042,-0.7481,-0.6116,-0.8063,65.0456,-0.6366
1OKE,194,-2.9199,-0.7219,3.7377,-0.7469,66.9044,-0.6086
1OKE,195,50.9195,0.0264,64.6199,0.0842,97.8996,-0.1410
1OKE,196,81.0304,0.4448,96.2071,0.5154,130.4613,0.3503
1OKE,197,95.6171,0.6476,109.4345,0.6959,148.0111,0.6150
1OKE,198,85.0928,0.5013,100.6196,0.5756,142.7208,0.5352
1OKE,199,42.1916,-0.0949,55.0361,-0.0467,108.1650,0.0139
1OKE,200,90.1747,0.5719,102.6371,0.6031,123.7281,0.2487
1OKE,201,-2.7348,-0.7193,0.5013,-0.7911,70.0401,-0.5613
1OKE,202,-13.2497,-0.8655,-7.0124,-0.8937,86.6199,-0.3112
1OKE,203,2.5563,-0.6458,14.2237,-0.6038,106.4278,-0.0123
1OKE,204,112.2522,0.8788,123.0241,0.8815,173.7234,1.0029
1OKE,205,102.0925,0.7376,126.3712,0.9271,161.0737,0.8121
1OKE,206,101.4659,0.7288,115.3578,0.7768,150.3367,0.6501
1OKE,207,89.2191,0.5586,101.8702,0.5927,142.1298,0.5263
1OKE,208,35.9220,-0.1821,48.0888,-0.1415,92.0428,-0.2293
1OKE,209,11.7659,-0.5178,25.6246,-0.4482,79.9127,-0.4123
1OKE,210,5.7964,-0.6008,12.0463,-0.6335,57.8263,-0.7456
1OKE,211,69.2324,0.2809,81.8280,0.3191,112.8139,0.0840
1OKE,212,97.3407,0.6715,115.9668,0.7851,146.3453,0.5899
1OKE,213,24.9191,-0.3350,36.3693,-0.3015,75.1974,-0.4835
1OKE,214,6.2552,-0.5944,9.6824,-0.6658,50.6299,-0.8541
1OKE,215,75.6660,0.3703,87.6509,0.3986,105.3485,-0.0286
1OKE,216,60.5736,0.1605,65.5278,0.0966,85.2744,-0.3315
1OKE,217,83.9367,0.4852,98.2551,0.5433,125.0721,0.2690
1OKE,218,114.6994,0.9128,129.5035,0.9699,151.3292,0.6651
1OKE,219,54.7418,0.0795,77.8802,0.2652,113.1092,0.0885
1OKE,220,96.8101,0.6641,113.8078,0.7556,136.3165,0.4386
1OKE,221,66.2257,0.2391,74.1246,0.2139,98.3868,-0.1336
1OKE,222,55.9573,0.0964,59.8450,0.0190,100.0742,-0.1082
1OKE,223,15.6862,-0.4633,16.5599,-0.5719,62.8787,-0.6693
1OKE,224,-7.8268,-0.7901,-0.2531,-0.8014,97.3025,-0.1500
1OKE,225,31.0606,-0.2496,33.2941,-0.3435,74.9856,-0.4867
1OKE,226,10.8255,-0.5309,14.1682,-0.6045,63.0764,-0.6663
1OKE,227,49.6013,0.0080,51.4288,-0.0959,104.0963,-0.0475
1OKE,228,60.3140,0.1569,67.2494,0.1201,107.0456,-0.0030
1OKE,229,49.9896,0.0134,59.6057,0.0157,102.0791,-0.0779
1OKE,230,80.6961,0.4402,106.2338,0.6522,151.1860,0.6629
1OKE,231,43.6856,-0.0742,55.2904,-0.0432,92.9285,-0.2160
1OKE,232,38.5427,-0.1457,48.1650,-0.1405,83.5205,-0.3579
1OKE,233,77.1213,0.3905,91.8783,0.4563,165.5478,0.8796
1OKE,234,-1.1547,-0.6974,5.1713,-0.7274,99.2931,-0.1200
1OKE,235,69.3937,0.2831,77.5315,0.2604,119.0051,0.1774
1OKE,236,115.9919,0.9307,130.7457,0.9869,162.6367,0.8357
1OKE,237,91.7980,0.5945,105.7878,0.6462,139.2103,0.4822
1OKE,238,64.2545,0.2117,72.3021,0.1890,114.3524,0.1072
1OKE,239,84.3781,0.4914,101.9958,0.5944,122.8204,0.2350
1OKE,240,18.3836,-0.4258,27.0499,-0.4287,74.4956,-0.4941
1OKE,241,69.9948,0.2915,77.4812,0.2597,114.6089,0.1111
1OKE,242,45.2717,-0.0521,50.3922,-0.1100,69.1272,-0.5751
1OKE,243,5.6979,-0.6021,11.4771,-0.6413,56.3732,-0.7675
1OKE,244,68.6259,0.2724,72.6702,0.1941,104.6224,-0.0396
1OKE,245,-9.6521,-0.8155,-3.6287,-0.8475,60.2433,-0.7091
1OKE,246,15.3110,-0.4685,22.8540,-0.4860,71.3332,-0.5418
1OKE,247,73.2519,0.3367,87.6833,0.3990,145.1686,0.5721
1OKE,248,26.0039,-0.3199,33.4464,-0.3414,103.3385,-0.0589
1OKE,249,74.5029,0.3541,85.9976,0.3760,116.1053,0.1337
1OKE,250,39.7906,-0.1283,48.1550,-0.1406,89.6928,-0.2648
1OKE,251,86.2316,0.5171,96.6556,0.5215,130.2236,0.3467
1OKE,252,61.5123,0.1736,69.3315,0.1485,107.5332,0.0044
1OKE,253,64.7169,0.2181,66.9135,0.1155,118.6987,0.1728
1OKE,254,53.8332,0.0669,59.7563,0.0178,109.7532,0.0378
1OKE,255,100.5829,0.7166,110.0825,0.7048,162.7098,0.8368
1OKE,256,13.3723,-0.4955,19.7766,-0.5280,131.9386,0.3725
1OKE,257,49.8794,0.0119,51.6343,-0.0931,101.5975,-0.0852
1OKE,258,61.6320,0.1752,66.7219,0.1129,108.5291,0.0194
1OKE,259,106.8079,0.8031,119.7243,0.8364,157.1407,0.7528
1OKE,260,95.1174,0.6406,104.4655,0.6281,147.5472,0.6080
1OKE,261,29.0629,-0.2774,33.4841,-0.3409,85.1407,-0.3335
1OKE,262,87.2288,0.5310,92.3899,0.4633,130.6104,0.3525
1OKE,263,146.2222,1.3509,159.8238,1.3838,193.6364,1.3034
1OKE,264,28.9285,-0.2793,31.9571,-0.3617,76.4000,-0.4653
1OKE,265,52.9506,0.0546,52.9090,-0.0757,97.8321,-0.1420
1OKE,266,83.1394,0.4741,88.4982,0.4101,128.6413,0.3228
1OKE,267,98.3408,0.6854,105.2513,0.6388,157.1466,0.7528
1OKE,268,59.3744,0.1439,69.3122,0.1482,128.6145,0.3224
1OKE,269,111.7231,0.8714,125.5929,0.9165,164.2444,0.8599
1OKE,270,83.2218,0.4753,98.2298,0.5430,142.7063,0.5350
1OKE,271,78.6336,0.4115,86.4053,0.3816,120.1140,0.1942
1OKE,272,43.9807,-0.0701,48.7813,-0.1320,95.2946,-0.1803
1OKE,273,50.5388,0.0211,53.1828,-0.0720,96.1750,-0.1670
1OKE,274,31.9603,-0.2371,33.4580,-0.3412,76.4261,-0.4649
1OKE,275,37.2760,-0.1633,42.1373,-0.2227,83.2339,-0.3622
1OKE,276,100.0982,0.7098,112.8914,0.7431,143.7783,0.5512
1OKE,277,89.5477,0.5632,97.2857,0.5301,137.6144,0.4582
1OKE,278,76.2341,0.3782,86.7736,0.3866,124.5462,0.2610
1OKE,279,136.2093,1.2117,144.6653,1.1769,183.2011,1.1459
1OKE,280,137.6389,1.2316,141.6932,1.1363,177.6600,1.0623
1OKE,281,49.9971,0.0135,58.7595,0.0042,100.9710,-0.0946
1OKE,282,107.7688,0.8164,124.8865,0.9069,146.1013,0.5862
1OKE,283,45.5794,-0.0479,56.7095,-0.0238,119.9365,0.1915
1OKE,284,93.9580,0.6245,104.2848,0.6256,150.0351,0.6456
1OKE,285,8.3024,-0.5659,20.7737,-0.5144,107.7192,0.0072
1OKE,286,116.4140,0.9366,132.4310,1.0099,165.6401,0.8810
1OKE,287,32.4279,-0.2306,45.4175,-0.1780,120.6294,0.2019
1OKE,288,101.2813,0.7263,116.3617,0.7905,168.0435,0.9172
1OKE,289,-41.2355,-1.2544,-36.7479,-1.2996,104.4267,-0.0425
1OKE,290,27.1520,-0.3040,34.0260,-0.3335,107.7546,0.0077
1OKE,291,104.9739,0.7776,120.8075,0.8512,170.2426,0.9504
1OKE,292,89.3430,0.5604,98.2226,0.5429,137.5965,0.4579
1OKE,293,126.4935,1.0767,140.2151,1.1161,159.2879,0.7852
1OKE,294,107.5313,0.8131,118.0291,0.8133,150.2070,0.6482
1OKE,295,122.6930,1.0239,128.0672,0.9503,177.0449,1.0530
1OKE,296,61.8421,0.1782,68.2584,0.1338,115.7551,0.1284
1OKE,297,35.3161,-0.1905,36.5991,-0.2983,80.0503,-0.4103
1OKE,298,108.6049,0.8281,122.5228,0.8746,163.5678,0.8497
1OKE,299,82.8259,0.4698,87.0739,0.3907,135.6377,0.4284
1OKE,300,96.2158,0.6559,106.2421,0.6524,146.5451,0.5929
1OKE,301,211.3116,2.2555,222.7517,2.2428,266.0647,2.3960
1OKE,302,135.4744,1.2015,139.8018,1.1105,176.1869,1.0401
1OKE,303,178.7039,1.8023,183.0187,1.7004,215.3615,1.6311
1OKE,304,95.1159,0.6406,103.8663,0.6199,176.9829,1.0521
1OKE,305,215.9103,2.3194,236.9000,2.4360,261.6580,2.3296
1OKE,306,24.2109,-0.3448,34.7291,-0.3239,110.2628,0.0455
1OKE,307,97.7659,0.6774,107.4432,0.6688,148.3417,0.6200
1OKE,308,111.2763,0.8652,119.7351,0.8366,146.5888,0.5936
1OKE,309,62.1644,0.1826,69.3044,0.1481,130.3076,0.3479
1OKE,310,24.3766,-0.3425,28.6198,-0.4073,104.2710,-0.0449
1OKE,311,118.8890,0.9710,130.1321,0.9785,163.1759,0.8438
1OKE,312,104.9528,0.7773,110.5495,0.7112,161.2795,0.8152
1OKE,313,108.4016,0.8252,117.3257,0.8037,171.4378,0.9684
1OKE,314,120.6443,0.9954,129.9635,0.9762,168.6236,0.9260
1OKE,315,45.2098,-0.0530,49.8017,-0.1181,86.2272,-0.3171
1OKE,316,74.5142,0.3543,83.5754,0.3429,119.6055,0.1865
1OKE,317,153.4975,1.4520,157.2093,1.3481,211.3358,1.5704
1OKE,318,138.9827,1.2503,149.4797,1.2426,209.0839,1.5364
1OKE,319,225.5315,2.4531,242.1122,2.5071,275.8764,2.5441
1OKE,320,184.8713,1.8880,196.8502,1.8893,235.7354,1.9385
1OKE,321,198.9503,2.0837,213.7951,2.1206,238.0505,1.9734
1OKE,322,114.6371,0.9119,129.4644,0.9694,201.6298,1.4239
1OKE,323,171.5237,1.7025,185.6666,1.7366,234.0476,1.9130
1OKE,324,124.7733,1.0528,138.8518,1.0975,196.3405,1.3441
1OKE,325,231.1066,2.5306,253.6238,2.6643,291.6923,2.7827
1OKE,326,22.0492,-0.3749,29.7017,-0.3925,142.3285,0.5293
1OKE,327,125.0879,1.0571,129.0751,0.9641,182.8128,1.1401
1OKE,328,26.6198,-0.3114,28.9546,-0.4027,109.3603,0.0319
1OKE,329,104.3627,0.7691,105.3656,0.6404,148.6161,0.6242
1OKE,330,126.0629,1.0707,127.2881,0.9397,162.7177,0.8369
1OKE,331,133.6498,1.1761,140.2230,1.1162,168.9887,0.9315
1OKE,332,216.5591,2.3284,229.1732,2.3305,262.6240,2.3441
1OKE,333,88.5031,0.5487,104.5831,0.6297,183.4819,1.1502
1OKE,334,208.4181,2.2153,224.1761,2.2623,250.6419,2.1634
1OKE,335,183.2498,1.8655,194.0587,1.8511,221.0197,1.7165
1OKE,336,188.3392,1.9362,203.5580,1.9808,233.0670,1.8982
1OKE,337,127.5073,1.0908,137.6210,1.0807,174.8958,1.0206
1OKE,338,187.9323,1.9305,204.4294,1.9927,235.4267,1.9338
1OKE,339,143.9274,1.3190,159.9744,1.3859,209.0006,1.5351
1OKE,340,67.8355,0.2615,79.2788,0.2843,173.3757,0.9977
1OKE,341,94.7667,0.6357,103.2558,0.6116,152.2157,0.6785
1OKE,342,10.4787,-0.5357,15.1588,-0.5910,87.3008,-0.3009
1OKE,343,130.8443,1.1371,139.8238,1.1108,178.3538,1.0728
1OKE,344,-45.5852,-1.3149,-40.7493,-1.3542,73.6403,-0.5070
1OKE,345,25.5456,-0.3263,34.4694,-0.3274,82.9429,-0.3666
1OKE,346,76.0746,0.3760,84.3780,0.3539,124.1918,0.2557
1OKE,347,109.4020,0.8391,119.1466,0.8285,150.2554,0.6489
1OKE,348,203.3256,2.1445,207.4852,2.0344,236.9071,1.9562
1OKE,349,0.9145,-0.6686,7.7623,-0.6920,161.8759,0.8242
1OKE,350,178.6861,1.8020,192.6245,1.8316,234.6521,1.9221
1OKE,351,170.1532,1.6835,186.0660,1.7420,230.8681,1.8650
1OKE,352,177.6169,1.7872,191.9248,1.8220,232.7017,1.8927
1OKE,353,166.7215,1.6358,177.4159,1.6240,205.9913,1.4897
1OKE,354,158.7942,1.5256,167.2222,1.4848,195.1719,1.3265
1OKE,355,209.0956,2.2247,219.2192,2.1946,247.0002,2.1084
1OKE,356,183.8366,1.8736,198.1067,1.9064,227.1013,1.8082
1OKE,357,248.9817,2.7790,261.7758,2.7756,301.5297,2.9311
1OKE,358,133.0032,1.1671,138.1431,1.0878,182.6887,1.1382
1OKE,359,110.3926,0.8529,116.7484,0.7958,142.1204,0.5262
1OKE,360,29.6179,-0.2697,37.3211,-0.2885,152.7349,0.6863
1OKE,361,52.0588,0.0422,55.4896,-0.0405,117.7311,0.1582
1OKE,362,143.1426,1.3081,147.3068,1.2129,183.1120,1.1446
1OKE,363,192.7530,1.9975,203.2397,1.9765,216.7895,1.6526
1OKE,364,223.0060,2.4180,235.6510,2.4189,278.4216,2.5825
1OKE,365,171.9371,1.7083,183.4478,1.7063,228.0322,1.8223
1OKE,366,216.0273,2.3210,231.5710,2.3632,274.2277,2.5192
1OKE,367,123.0064,1.0282,133.6521,1.0265,312.8781,3.1023
1OKE,368,225.1364,2.4476,235.8376,2.4215,280.3465,2.6115
1OKE,369,119.9166,0.9853,128.5954,0.9575,217.2260,1.6592
1OKE,370,273.1636,3.1151,283.6745,3.0745,294.8415,2.8302
1OKE,371,207.7592,2.2061,217.3240,2.1687,241.9590,2.0324
1OKE,372,85.5712,0.5079,93.0585,0.4724,134.5127,0.4114
1OKE,373,77.2617,0.3925,82.0816,0.3225,138.2086,0.4671
1OKE,374,122.3863,1.0196,130.3351,0.9813,176.8512,1.0501
1OKE,375,197.9660,2.0700,209.3418,2.0598,256.7956,2.2562
1OKE,376,125.5618,1.0637,143.9098,1.1666,179.3473,1.0878
1OKE,377,237.5355,2.6199,254.2020,2.6722,292.1907,2.7902
1OKE,378,177.0898,1.7799,192.0462,1.8237,225.7675,1.7881
1OKE,379,212.1883,2.2677,227.5042,2.3077,264.0364,2.3654
1OKE,380,219.7574,2.3729,225.6733,2.2827,271.1698,2.4731
1OKE,381,133.4227,1.1730,142.9253,1.1531,184.1926,1.1609
1OKE,382,72.3826,0.3246,75.6122,0.2342,125.7609,0.2793
1OKE,383,82.6247,0.4670,85.7090,0.3721,109.1633,0.0289
1OKE,384,120.3754,0.9916,122.9122,0.8799,167.3870,0.9073
1OKE,385,141.2337,1.2815,153.9466,1.3036,214.5443,1.6188
1OKE,386,147.0615,1.3625,160.4448,1.3923,183.6072,1.1520
1OKE,387,129.9377,1.1245,139.4174,1.1052,179.6632,1.0925
1OKE,388,129.9766,1.1251,140.6047,1.1214,189.6957,1.2439
1OKE,389,81.3774,0.4497,89.2065,0.4198,137.1232,0.4508
1OKE,390,176.5422,1.7723,193.8056,1.8477,225.2699,1.7806
1OKE,391,113.7299,0.8993,124.3753,0.8999,150.3451,0.6502
1OKE,392,108.1995,0.8224,122.1982,0.8702,201.0107,1.4146
1OKE,393,51.2503,0.0310,56.3359,-0.0289,81.0477,-0.3952
