pdb,resid,hb_intra,hb_intra_z,hb_water,hb_water_z
2JEL,1,0.4967,-0.1527,1.6630,-0.0667
2JEL,2,0.7749,0.6353,0.0022,-0.9427
2JEL,3,0.1275,-1.1981,3.8381,1.0808
2JEL,4,1.0288,1.3542,2.1353,0.1825
2JEL,5,0.0299,-1.4744,7.0111,2.7546
2JEL,6,0.9102,1.0183,0.0111,-0.9381
2JEL,7,0.0022,-1.5529,2.6652,0.4620
2JEL,8,0.8293,0.7891,0.1441,-0.8679
2JEL,9,0.3891,-0.4572,2.4324,0.3392
2JEL,10,0.4035,-0.4164,0.2306,-0.8223
2JEL,11,0.0011,-1.5560,1.2040,-0.3088
2JEL,12,0.0965,-1.2860,3.7827,1.0516
2JEL,13,0.3404,-0.5954,0.8115,-0.5158
2JEL,14,0.4435,-0.3034,1.0732,-0.3778
2JEL,15,0.7849,0.6636,1.2683,-0.2749
2JEL,16,0.3503,-0.5671,1.7627,-0.0140
2JEL,17,0.8492,0.8457,2.7118,0.4866
2JEL,18,0.3725,-0.5043,0.0998,-0.8913
2JEL,19,0.7805,0.6510,0.0022,-0.9427
2JEL,20,0.4978,-0.1495,0.6829,-0.5837
2JEL,21,0.6175,0.1895,2.5987,0.4269
2JEL,22,0.7040,0.4344,0.1064,-0.8878
2JEL,23,0.6996,0.4218,0.0022,-0.9427
2JEL,24,0.2882,-0.7429,2.3902,0.3170
2JEL,25,0.8825,0.9398,4.9091,1.6457
2JEL,26,0.5776,0.0765,0.0089,-0.9392
2JEL,27,0.3160,-0.6644,2.6231,0.4398
2JEL,28,0.1419,-1.1573,1.1796,-0.3216
2JEL,29,0.3282,-0.6299,0.2927,-0.7895
2JEL,30,0.8548,0.8614,2.0421,0.1334
2JEL,31,0.9157,1.0340,0.0200,-0.9334
2JEL,32,0.8803,0.9336,5.7273,2.0774
2JEL,33,0.4135,-0.3881,1.0399,-0.3953
2JEL,34,0.9412,1.1062,1.8492,0.0316
2JEL,35,0.8204,0.7640,0.0000,-0.9439
2JEL,36,1.0754,1.4861,1.4545,-0.1766
2JEL,37,1.1419,1.6745,0.7650,-0.5404
2JEL,38,0.1541,-1.1228,3.7007,1.0083
2JEL,39,0.0011,-1.5560,1.8271,0.0199
2JEL,40,0.8803,0.9336,1.5188,-0.1427
2JEL,41,0.2295,-0.9093,2.5521,0.4024
2JEL,42,0.8182,0.7578,0.0067,-0.9404
2JEL,43,0.2705,-0.7931,2.0820,0.1544
2JEL,44,0.4058,-0.4101,0.1552,-0.8620
2JEL,45,0.4257,-0.3536,1.8692,0.0421
2JEL,46,0.2007,-0.9909,1.6563,-0.0702
2JEL,47,0.3215,-0.6487,0.9024,-0.4679
2JEL,48,0.1098,-1.2484,1.1951,-0.3135
2JEL,49,0.4568,-0.2657,2.2639,0.2503
2JEL,50,0.2417,-0.8748,0.9069,-0.4655
2JEL,51,0.4878,-0.1778,3.2018,0.7451
2JEL,52,0.5055,-0.1276,1.7140,-0.0398
2JEL,53,0.3459,-0.5797,0.7273,-0.5603
2JEL,54,0.1885,-1.0255,0.7051,-0.5720
2JEL,55,0.3814,-0.4792,0.9867,-0.4234
2JEL,56,0.6763,0.3559,1.0976,-0.3649
2JEL,57,0.2350,-0.8936,4.1596,1.2504
2JEL,58,0.3581,-0.5451,1.0222,-0.4047
2JEL,59,1.0831,1.5081,0.7007,-0.5743
2JEL,60,0.2816,-0.7617,1.4812,-0.1626
2JEL,61,0.9080,1.0120,0.0022,-0.9427
2JEL,62,0.8714,0.9084,1.6608,-0.0678
2JEL,63,0.9069,1.0089,0.0000,-0.9439
2JEL,64,0.9800,1.2161,1.4368,-0.1860
2JEL,65,0.7749,0.6353,0.0244,-0.9310
2JEL,66,0.9634,1.1690,5.1752,1.7861
2JEL,67,0.5687,0.0514,0.7738,-0.5357
2JEL,68,0.0122,-1.5246,7.5033,3.0143
2JEL,69,2.1552,4.5439,1.3858,-0.2129
2JEL,70,1.2506,1.9821,2.3747,0.3088
2JEL,71,0.3315,-0.6205,3.6829,0.9989
2JEL,72,0.3714,-0.5074,2.0887,0.1579
2JEL,73,0.6885,0.3904,0.0000,-0.9439
2JEL,74,0.7594,0.5914,0.0022,-0.9427
2JEL,75,0.5931,0.1204,5.5388,1.9779
2JEL,76,0.8426,0.8268,1.6674,-0.0643
2JEL,77,0.4956,-0.1558,0.0089,-0.9392
2JEL,78,0.4922,-0.1652,0.4922,-0.6842
2JEL,79,0.6220,0.2021,1.6696,-0.0631
2JEL,80,0.4047,-0.4133,0.3038,-0.7837
2JEL,81,0.4058,-0.4101,0.5787,-0.6386
2JEL,82,0.2273,-0.9156,1.2239,-0.2983
2JEL,83,0.4047,-0.4133,6.2284,2.3417
2JEL,84,0.1098,-1.2484,1.3481,-0.2328
2JEL,85,0.4945,-0.1590,9.9490,4.3044
1AKI,1,1.0432,1.2532,1.8492,0.2048
1AKI,2,0.0432,-1.2999,1.6386,0.0587
1AKI,3,0.3570,-0.4989,0.7916,-0.5288
1AKI,4,0.6153,0.1606,0.1286,-0.9886
1AKI,5,0.9745,1.0777,2.0665,0.3555
1AKI,6,0.3437,-0.5329,0.7805,-0.5365
1AKI,7,0.6796,0.3248,5.2661,2.5745
1AKI,8,0.8060,0.6474,0.0000,-1.0778
1AKI,9,0.6031,0.1295,0.0022,-1.0762
1AKI,10,0.6907,0.3531,0.2993,-0.8702
1AKI,11,0.4922,-0.1536,0.2439,-0.9086
1AKI,12,0.7616,0.5342,0.0000,-1.0778
1AKI,13,0.8359,0.7239,1.9889,0.3016
1AKI,14,0.3980,-0.3942,3.5942,1.4150
1AKI,15,0.3525,-0.5102,2.2772,0.5015
1AKI,16,0.2184,-0.8527,1.0953,-0.3181
1AKI,17,0.5244,-0.0715,0.8137,-0.5134
1AKI,18,0.1641,-0.9914,5.9401,3.0420
1AKI,19,0.1962,-0.9093,3.2129,1.1505
1AKI,20,0.5698,0.0445,0.3747,-0.8179
1AKI,21,0.0721,-1.2263,4.0421,1.7256
1AKI,22,0.1552,-1.0141,1.2328,-0.2228
1AKI,23,0.3659,-0.4763,0.6829,-0.6041
1AKI,24,0.8359,0.7239,1.6253,0.0494
1AKI,25,0.2960,-0.6546,0.5787,-0.6764
1AKI,26,0.4867,-0.1677,0.0776,-1.0239
1AKI,27,1.0798,1.3466,1.3392,-0.1489
1AKI,28,0.1120,-1.1244,0.0044,-1.0747
1AKI,29,0.2239,-0.8386,0.0000,-1.0778
1AKI,30,0.6962,0.3672,0.7517,-0.5564
1AKI,31,0.3736,-0.4565,0.4945,-0.7348
1AKI,32,0.5078,-0.1140,0.0022,-1.0762
1AKI,33,0.4446,-0.2753,2.1707,0.4277
1AKI,34,0.0244,-1.3480,1.4435,-0.0767
1AKI,35,0.3847,-0.4281,5.6696,2.8543
1AKI,36,0.8193,0.6814,1.3570,-0.1366
1AKI,37,0.1308,-1.0763,2.9512,0.9690
1AKI,38,0.7472,0.4974,0.0000,-1.0778
1AKI,39,0.8570,0.7776,1.7384,0.1279
1AKI,40,0.9368,0.9814,0.3171,-0.8579
1AKI,41,0.5599,0.0191,3.2993,1.2105
1AKI,42,0.3038,-0.6348,0.0067,-1.0731
1AKI,43,0.0721,-1.2263,2.7583,0.8352
1AKI,44,1.2339,1.7400,1.6896,0.0940
1AKI,45,0.2228,-0.8414,4.0000,1.6964
1AKI,46,1.1441,1.5107,2.0288,0.3293
1AKI,47,0.0000,-1.4103,3.2062,1.1459
1AKI,48,1.0942,1.3834,3.4058,1.2843
1AKI,49,0.2550,-0.7593,0.6630,-0.6180
1AKI,50,1.7328,3.0137,0.3614,-0.8271
1AKI,51,1.0599,1.2956,0.9224,-0.4380
1AKI,52,2.0310,3.7751,2.6319,0.7476
1AKI,53,0.7927,0.6135,0.5565,-0.6918
1AKI,54,0.9590,1.0380,0.0089,-1.0716
1AKI,55,0.4290,-0.3149,0.8891,-0.4611
1AKI,56,0.0000,-1.4103,1.2129,-0.2366
1AKI,57,0.9080,0.9078,2.3392,0.5446
1AKI,58,0.7927,0.6135,0.0089,-1.0716
1AKI,59,1.8614,3.3420,1.0998,-0.3150
1AKI,60,1.2761,1.8475,0.6696,-0.6133
1AKI,61,1.0876,1.3664,2.3548,0.5554
1AKI,62,0.5843,0.0813,0.0133,-1.0685
1AKI,63,0.6242,0.1832,0.0022,-1.0762
1AKI,64,0.3104,-0.6178,0.1397,-0.9809
1AKI,65,0.9712,1.0692,2.5854,0.7153
1AKI,66,1.2827,1.8645,3.4856,1.3396
1AKI,67,0.1630,-0.9942,1.2062,-0.2412
1AKI,68,0.2672,-0.7282,3.7317,1.5103
1AKI,69,0.9424,0.9956,1.0222,-0.3688
1AKI,70,0.0333,-1.3254,1.0333,-0.3612
1AKI,71,0.0432,-1.2999,0.7871,-0.5318
1AKI,72,0.4412,-0.2838,1.8647,0.2155
1AKI,73,0.3481,-0.5216,3.4945,1.3458
1AKI,74,0.7018,0.3814,1.6630,0.0756
1AKI,75,0.5909,0.0983,0.5543,-0.6933
1AKI,76,0.3060,-0.6291,0.8204,-0.5088
1AKI,77,0.3071,-0.6263,3.7694,1.5365
1AKI,78,0.6098,0.1464,0.0067,-1.0731
1AKI,79,0.2949,-0.6574,0.0022,-1.0762
1AKI,80,0.6142,0.1578,0.0089,-1.0716
1AKI,81,0.2118,-0.8697,2.4058,0.5907
1AKI,82,0.3947,-0.4027,0.7960,-0.5257
1AKI,83,0.1996,-0.9008,0.7871,-0.5318
1AKI,84,0.3093,-0.6206,1.0421,-0.3550
1AKI,85,0.2594,-0.7480,1.6962,0.0986
1AKI,86,0.0721,-1.2263,2.5499,0.6907
1AKI,87,0.8814,0.8399,5.2639,2.5729
1AKI,88,0.4058,-0.3744,0.3304,-0.8486
1AKI,89,1.2749,1.8447,0.7472,-0.5595
1AKI,90,0.2716,-0.7169,1.0909,-0.3212
1AKI,91,0.4191,-0.3404,1.8492,0.2048
1AKI,92,0.7683,0.5512,0.0111,-1.0701
1AKI,93,0.6319,0.2030,2.8226,0.8798
1AKI,94,0.5898,0.0955,0.0000,-1.0778
1AKI,95,0.7838,0.5908,0.0000,-1.0778
1AKI,96,0.8004,0.6333,1.6098,0.0387
1AKI,97,0.7084,0.3983,1.4235,-0.0905
1AKI,98,0.4545,-0.2498,0.3259,-0.8517
1AKI,99,0.3814,-0.4366,0.8182,-0.5103
1AKI,100,0.5200,-0.0828,1.4656,-0.0613
1AKI,101,0.5732,0.0530,5.5876,2.7974
1AKI,102,0.0998,-1.1556,1.1863,-0.2550
1AKI,103,0.3481,-0.5216,3.1508,1.1074
1AKI,104,0.3792,-0.4423,0.3681,-0.8225
1AKI,105,0.3481,-0.5216,0.2195,-0.9255
1AKI,106,0.6785,0.3219,2.1242,0.3954
1AKI,107,0.2428,-0.7904,1.0599,-0.3427
1AKI,108,1.1375,1.4937,0.0022,-1.0762
1AKI,109,0.1663,-0.9857,1.0665,-0.3381
1AKI,110,0.0155,-1.3707,1.5033,-0.0351
1AKI,111,1.0809,1.3494,0.0000,-1.0778
1AKI,112,0.6630,0.2823,3.1596,1.1136
1AKI,113,0.2650,-0.7338,3.3836,1.2689
1AKI,114,0.7306,0.4550,3.0776,1.0567
1AKI,115,0.6585,0.2710,0.3991,-0.8010
1AKI,116,0.3991,-0.3914,2.3193,0.5308
1AKI,117,0.0000,-1.4103,1.6053,0.0356
1AKI,118,0.3925,-0.4083,1.9379,0.2663
1AKI,119,1.0942,1.3834,4.3991,1.9732
1AKI,120,0.2073,-0.8810,0.0266,-1.0593
1AKI,121,0.5998,0.1210,2.1840,0.4370
1AKI,122,0.4800,-0.1847,0.8226,-0.5072
1AKI,123,0.5233,-0.0743,0.0266,-1.0593
1AKI,124,0.4911,-0.1564,0.6696,-0.6133
1AKI,125,1.2993,1.9070,2.1463,0.4108
1AKI,126,0.0067,-1.3933,1.6364,0.0571
1AKI,127,0.1918,-0.9206,1.0355,-0.3596
1AKI,128,0.0188,-1.3622,4.3459,1.9363
1AKI,129,0.3592,-0.4932,4.8404,2.2792
1AHW,1,0.1153,-1.0696,2.3902,0.3073
1AHW,2,0.0698,-1.1817,3.7916,1.1191
1AHW,3,0.1375,-1.0149,2.5277,0.3869
1AHW,4,1.0565,1.2521,0.0288,-1.0607
1AHW,5,0.0000,-1.3540,1.6896,-0.0986
1AHW,6,0.0000,-1.3540,1.7029,-0.0909
1AHW,7,0.7539,0.5055,0.0022,-1.0761
1AHW,8,0.7106,0.3989,2.8004,0.5449
1AHW,9,0.0011,-1.3512,1.3193,-0.3131
1AHW,10,1.2406,1.7060,0.9800,-0.5096
1AHW,11,0.0000,-1.3540,1.9667,0.0619
1AHW,12,1.3392,1.9494,1.0466,-0.4711
1AHW,13,1.4745,2.2830,0.6253,-0.7152
1AHW,14,0.5177,-0.0769,1.9069,0.0273
1AHW,15,0.8215,0.6723,2.0244,0.0953
1AHW,16,0.6497,0.2485,0.0443,-1.0517
1AHW,17,0.5244,-0.0605,2.0266,0.0966
1AHW,18,1.5255,2.4088,0.1818,-0.9720
1AHW,19,0.8858,0.8309,0.0421,-1.0530
1AHW,20,0.8193,0.6669,0.0000,-1.0774
1AHW,21,1.2007,1.6076,4.4146,1.4800
1AHW,22,0.4246,-0.3066,0.8958,-0.5585
1AHW,23,1.1086,1.3806,4.5743,1.5725
1AHW,24,0.0000,-1.3540,0.0000,-1.0774
1AHW,25,0.0721,-1.1762,3.1596,0.7530
1AHW,26,0.0033,-1.3458,1.2217,-0.3696
1AHW,27,0.0111,-1.3266,1.4324,-0.2476
1AHW,28,0.3947,-0.3805,3.5188,0.9611
1AHW,29,0.6330,0.2075,1.4856,-0.2168
1AHW,30,0.8847,0.8282,0.0177,-1.0671
1AHW,31,0.7550,0.5083,0.0000,-1.0774
1AHW,32,1.2506,1.7306,0.4213,-0.8333
1AHW,33,0.6885,0.3442,0.0022,-1.0761
1AHW,34,0.9845,1.0743,2.1619,0.1750
1AHW,35,0.8226,0.6751,0.3592,-0.8693
1AHW,36,0.8248,0.6805,0.5078,-0.7832
1AHW,37,0.1796,-0.9110,2.5965,0.4267
1AHW,38,0.6973,0.3661,2.1264,0.1544
1AHW,39,0.0000,-1.3540,3.3525,0.8647
1AHW,40,0.1729,-0.9274,1.3237,-0.3106
1AHW,41,0.0488,-1.2337,6.2062,2.5178
1AHW,42,0.0177,-1.3102,1.6364,-0.1294
1AHW,43,1.0909,1.3368,1.2106,-0.3761
1AHW,44,0.1330,-1.0258,2.9313,0.6207
1AHW,45,0.9856,1.0770,1.0931,-0.4441
1AHW,46,0.0111,-1.3266,0.6896,-0.6779
1AHW,47,0.0000,-1.3540,1.6186,-0.1397
1AHW,48,0.4024,-0.3613,1.0089,-0.4929
1AHW,49,0.9468,0.9813,1.0710,-0.4570
1AHW,50,0.0222,-1.2993,2.8337,0.5642
1AHW,51,0.3980,-0.3723,5.1752,1.9206
1AHW,52,0.4867,-0.1535,1.9601,0.0581
1AHW,53,0.1996,-0.8618,5.9845,2.3894
1AHW,54,0.8193,0.6669,0.0000,-1.0774
1AHW,55,0.8947,0.8528,4.9091,1.7664
1AHW,56,0.7993,0.6176,0.0909,-1.0247
1AHW,57,1.5266,2.4115,0.2018,-0.9605
1AHW,58,0.2572,-0.7196,5.5987,2.1659
1AHW,59,0.9800,1.0634,3.5698,0.9906
1AHW,60,0.2827,-0.6567,0.0067,-1.0735
1AHW,61,0.2816,-0.6594,1.1885,-0.3889
1AHW,62,0.4490,-0.2465,2.2882,0.2482
1AHW,63,0.7228,0.4290,3.7206,1.0780
1AHW,64,0.2838,-0.6539,0.4279,-0.8295
1AHW,65,0.2672,-0.6949,2.7916,0.5398
1AHW,66,0.5166,-0.0797,2.3703,0.2957
1AHW,67,0.8149,0.6559,1.5987,-0.1513
1AHW,68,0.8692,0.7899,0.0089,-1.0722
1AHW,69,0.8226,0.6751,0.0000,-1.0774
1AHW,70,0.7095,0.3961,0.1242,-1.0054
1AHW,71,1.2195,1.6540,2.0976,0.1377
1AHW,72,0.7217,0.4262,0.7583,-0.6381
1AHW,73,0.7173,0.4153,0.0067,-1.0735
1AHW,74,0.8581,0.7626,1.1840,-0.3915
1AHW,75,0.8847,0.8282,0.0000,-1.0774
1AHW,76,0.0211,-1.3020,0.9335,-0.5366
1AHW,77,0.5399,-0.0222,0.4412,-0.8218
1AHW,78,0.2339,-0.7770,1.3082,-0.3195
1AHW,79,0.3858,-0.4023,3.3415,0.8583
1AHW,80,0.4878,-0.1508,0.5432,-0.7627
1AHW,81,0.3503,-0.4899,6.3858,2.6219
1AHW,82,0.2916,-0.6348,2.4723,0.3548
1AHW,83,0.4224,-0.3121,2.0909,0.1339
1AHW,84,0.2162,-0.8207,1.0976,-0.4416
1AHW,85,0.1707,-0.9329,2.6275,0.4447
1AHW,86,0.0532,-1.2227,1.5787,-0.1628
1AHW,87,0.0299,-1.2801,1.5854,-0.1590
1AHW,88,0.0643,-1.1954,7.0244,2.9918
1AHW,89,0.0000,-1.3540,1.1552,-0.4082
1AHW,90,0.4157,-0.3285,0.5521,-0.7575
1AHW,91,0.0000,-1.3540,1.7406,-0.0691
1AHW,92,1.0532,1.2439,4.7583,1.6791
1AHW,93,0.7417,0.4754,2.3415,0.2790
1AHW,94,1.1364,1.4489,0.8537,-0.5829
1AHW,95,0.3858,-0.4023,0.0155,-1.0684
1AHW,96,0.3725,-0.4352,6.1996,2.5140
1AHW,97,0.8692,0.7899,0.0000,-1.0774
1AHW,98,1.1874,1.5747,1.0532,-0.4673
1AHW,99,0.1109,-1.0805,0.0022,-1.0761
1AHW,100,0.5255,-0.0578,0.0599,-1.0427
1AHW,101,0.2151,-0.8235,0.8803,-0.5674
1AHW,102,0.6297,0.1993,5.3237,2.0066
1AHW,103,0.8570,0.7598,0.7561,-0.6394
1AHW,104,1.4202,2.1490,1.4989,-0.2091
1AHW,105,0.0155,-1.3157,1.6341,-0.1307
1AHW,106,0.2827,-0.6567,0.6408,-0.7062
1AHW,107,0.3980,-0.3723,4.0333,1.2591
1AHW,108,0.0322,-1.2747,0.3925,-0.8500
1AHW,109,0.5399,-0.0222,1.8758,0.0093
1AHW,110,0.0011,-1.3512,2.0909,0.1339
1AHW,111,0.7705,0.5465,3.1308,0.7363
1AHW,112,0.7206,0.4235,1.2550,-0.3504
1AHW,113,0.0000,-1.3540,1.5344,-0.1885
1AHW,114,0.8792,0.8145,5.2417,1.9591
1AHW,115,0.2971,-0.6211,4.0333,1.2591
1AHW,116,0.5765,0.0680,0.8004,-0.6137
1AHW,117,0.2827,-0.6567,0.8670,-0.5751
1AHW,118,0.4146,-0.3313,2.2993,0.2546
1AHW,119,0.7694,0.5438,1.4191,-0.2553
1AHW,120,0.8803,0.8173,0.0089,-1.0722
1AHW,121,1.2694,1.7771,1.6253,-0.1359
1AHW,122,0.8160,0.6587,0.0022,-1.0761
1AHW,123,1.0399,1.2110,1.0643,-0.4608
1AHW,124,0.5133,-0.0879,0.8581,-0.5803
1AHW,125,0.8149,0.6559,5.7871,2.2751
1AHW,126,0.4534,-0.2355,5.0355,1.8396
1AHW,127,0.3348,-0.5281,5.7073,2.2288
1AHW,128,0.3537,-0.4817,3.7029,1.0677
1AHW,129,1.0299,1.1864,0.6408,-0.7062
1AHW,130,0.1774,-0.9164,1.2195,-0.3709
1AHW,131,0.6608,0.2758,0.0000,-1.0774
1AHW,132,0.3525,-0.4844,3.8271,1.1396
1AHW,133,0.6186,0.1719,3.2772,0.8211
1AHW,134,0.0477,-1.2364,3.8625,1.1602
1AHW,135,0.0654,-1.1926,3.8004,1.1242
1AHW,136,0.5266,-0.0551,1.8891,0.0170
1AHW,137,0.1286,-1.0368,1.5322,-0.1898
1AHW,138,1.1275,1.4271,0.0111,-1.0710
1AHW,139,1.1807,1.5583,0.4701,-0.8051
1AHW,140,0.5776,0.0707,0.3814,-0.8564
1AHW,141,1.1120,1.3888,1.3104,-0.3183
1AHW,142,0.8448,0.7298,4.9778,1.8062
1AHW,143,0.2982,-0.6184,0.6430,-0.7049
1AHW,144,0.6042,0.1364,0.3038,-0.9014
1AHW,145,0.3271,-0.5473,0.1818,-0.9720
1AHW,146,0.2639,-0.7032,2.6475,0.4563
1AHW,147,0.1718,-0.9301,5.5388,2.1312
1AHW,148,0.5355,-0.0332,0.1375,-0.9977
1AHW,149,0.7805,0.5712,0.0532,-1.0465
1AHW,150,0.7627,0.5274,0.0044,-1.0748
1AHW,151,0.8836,0.8255,0.9490,-0.5276
1AHW,152,0.7971,0.6122,0.0089,-1.0722
1AHW,153,0.8348,0.7051,0.0000,-1.0774
1AHW,154,0.8847,0.8282,0.1929,-0.9656
1AHW,155,0.8902,0.8419,0.0133,-1.0697
1AHW,156,0.7816,0.5739,1.9712,0.0645
1AHW,157,0.5111,-0.0933,2.1064,0.1429
1AHW,158,0.1042,-1.0969,2.7672,0.5256
1AHW,159,0.4024,-0.3613,2.1663,0.1775
1AHW,160,0.0122,-1.3239,3.0089,0.6656
1AHW,161,0.0665,-1.1899,1.4834,-0.2181
1AHW,162,0.0122,-1.3239,3.1996,0.7761
1AHW,163,0.9224,0.9212,1.4945,-0.2116
1AHW,164,0.0022,-1.3485,3.1109,0.7247
1AHW,165,0.7982,0.6149,0.0044,-1.0748
1AHW,166,0.0355,-1.2665,3.1619,0.7543
1AHW,167,1.4856,2.3103,0.3016,-0.9027
1AHW,168,0.3093,-0.5910,3.0111,0.6669
1AHW,169,0.7295,0.4454,0.7805,-0.6252
1AHW,170,0.9169,0.9075,1.4479,-0.2386
1AHW,171,0.9180,0.9102,5.5011,2.1094
1AHW,172,0.9690,1.0360,0.0443,-1.0517
1AHW,173,0.0000,-1.3540,1.7805,-0.0460
1AHW,174,0.8803,0.8173,0.0333,-1.0581
1AHW,175,0.2184,-0.8153,5.4257,2.0657
1AHW,176,0.4069,-0.3504,0.9268,-0.5405
1AHW,177,0.4024,-0.3613,4.9002,1.7613
1AHW,178,0.0067,-1.3376,3.3370,0.8557
1AHW,179,0.0089,-1.3321,1.7494,-0.0639
1AHW,180,0.4601,-0.2191,5.7627,2.2609
1AHW,181,0.7905,0.5958,2.8448,0.5706
1AHW,182,0.5931,0.1090,0.0443,-1.0517
1AHW,183,0.8902,0.8419,0.0000,-1.0774
1AHW,184,0.8936,0.8501,0.1153,-1.0106
1AHW,185,1.0166,1.1536,0.7827,-0.6240
1AHW,186,0.8082,0.6395,0.0155,-1.0684
1AHW,187,1.1940,1.5911,1.6275,-0.1346
1AHW,188,0.8027,0.6258,0.0133,-1.0697
1AHW,189,0.7805,0.5712,0.0000,-1.0774
1AHW,190,0.7417,0.4754,0.0022,-1.0761
1AHW,191,0.0443,-1.2446,0.8226,-0.6008
1AHW,192,0.0188,-1.3075,2.6962,0.4845
1AHW,193,0.9767,1.0552,2.0222,0.0941
1AHW,194,0.0078,-1.3348,2.7029,0.4884
1AHW,195,0.0188,-1.3075,1.4545,-0.2348
1AHW,196,0.3404,-0.5145,3.2217,0.7890
1AHW,197,0.8415,0.7216,2.0665,0.1197
1AHW,198,0.0355,-1.2665,3.4590,0.9264
1AHW,199,1.5676,2.5127,0.4035,-0.8436
1AHW,200,0.5222,-0.0660,1.8670,0.0041
1AHW,201,0.3958,-0.3777,5.5543,2.1402
1AHW,202,1.2373,1.6978,1.0554,-0.4660
1AHW,203,0.3348,-0.5281,0.8359,-0.5931
1AHW,204,0.0000,-1.3540,2.0200,0.0928
1AHW,205,0.8636,0.7762,4.9601,1.7960
1AHW,206,0.0344,-1.2692,1.3747,-0.2810
1AHW,207,0.6929,0.3551,1.0266,-0.4827
1AHW,208,0.0532,-1.2227,5.8093,2.2879
1BJ1,1,0.0200,-1.2143,1.9867,0.0531
1BJ1,2,0.7073,0.3631,0.0089,-1.0096
1BJ1,3,0.5377,-0.0261,2.2971,0.2199
1BJ1,4,0.6729,0.2842,0.2373,-0.8869
1BJ1,5,0.2494,-0.6876,1.4412,-0.2399
1BJ1,6,1.2749,1.6658,3.4213,0.8239
1BJ1,7,0.8171,0.6150,0.0000,-1.0143
1BJ1,8,0.5078,-0.0948,0.8004,-0.5842
1BJ1,9,0.6341,0.1952,3.0443,0.6214
1BJ1,10,1.0942,1.2511,2.6696,0.4201
1BJ1,11,1.0233,1.0882,0.1907,-0.9119
1BJ1,12,0.2350,-0.7207,1.0421,-0.4544
1BJ1,13,0.0776,-1.0820,0.9601,-0.4985
1BJ1,14,0.9268,0.8669,1.5011,-0.2078
1BJ1,15,0.0000,-1.2601,1.0310,-0.4603
1BJ1,16,1.0998,1.2638,0.0621,-0.9810
1BJ1,17,0.3636,-0.4256,6.5277,2.4930
1BJ1,18,1.0942,1.2511,1.0887,-0.4294
1BJ1,19,0.0000,-1.2601,2.0355,0.0793
1BJ1,20,0.7439,0.4471,0.0000,-1.0143
1BJ1,21,0.6353,0.1977,4.9956,1.6698
1BJ1,22,0.7306,0.4165,0.0953,-0.9631
1BJ1,23,0.1086,-1.0108,1.0532,-0.4484
1BJ1,24,0.3969,-0.3493,3.6962,0.9717
1BJ1,25,1.1452,1.3681,4.4922,1.3993
1BJ1,26,0.6098,0.1392,0.2417,-0.8845
1BJ1,27,0.0011,-1.2575,1.1286,-0.4079
1BJ1,28,0.0166,-1.2219,6.3681,2.4072
1BJ1,29,1.0965,1.2561,3.9667,1.1170
1BJ1,30,0.0188,-1.2168,1.3592,-0.2840
1BJ1,31,0.3137,-0.5401,5.5122,1.9474
1BJ1,32,0.3348,-0.4917,0.9889,-0.4830
1BJ1,33,0.7894,0.5514,0.0155,-1.0060
1BJ1,34,0.0798,-1.0769,1.4612,-0.2292
1BJ1,35,0.7716,0.5107,1.6364,-0.1351
1BJ1,36,0.0000,-1.2601,0.0000,-1.0143
1BJ1,37,0.4579,-0.2093,1.8381,-0.0267
1BJ1,38,0.3758,-0.3976,0.0022,-1.0131
1BJ1,39,0.7439,0.4471,0.0000,-1.0143
1BJ1,40,0.0011,-1.2575,0.9579,-0.4997
1BJ1,41,0.8647,0.7244,0.0621,-0.9810
1BJ1,42,0.8304,0.6455,0.2417,-0.8845
1BJ1,43,2.1940,3.7749,1.0976,-0.4246
1BJ1,44,0.3869,-0.3722,1.2129,-0.3627
1BJ1,45,0.8215,0.6252,0.3947,-0.8023
1BJ1,46,0.0000,-1.2601,1.5809,-0.1649
1BJ1,47,0.4368,-0.2577,0.0177,-1.0048
1BJ1,48,0.0044,-1.2499,1.3481,-0.2900
1BJ1,49,0.1486,-0.9192,3.0310,0.6142
1BJ1,50,0.5876,0.0883,5.0310,1.6888
1BJ1,51,0.1641,-0.8835,6.2838,2.3620
1BJ1,52,0.5721,0.0527,0.6053,-0.6891
1BJ1,53,0.2916,-0.5910,0.8780,-0.5426
1BJ1,54,0.9967,1.0272,4.8736,1.6043
1BJ1,55,0.0643,-1.1125,1.8381,-0.0267
1BJ1,56,0.8681,0.7320,0.0000,-1.0143
1BJ1,57,0.0000,-1.2601,1.1619,-0.3901
1BJ1,58,0.4834,-0.1508,2.0621,0.0936
1BJ1,59,1.1220,1.3147,4.3304,1.3124
1BJ1,60,0.0743,-1.0896,6.4035,2.4263
1BJ1,61,1.1929,1.4775,0.9690,-0.4937
1BJ1,62,0.1286,-0.9650,3.7672,1.0098
1BJ1,63,0.7871,0.5463,0.0067,-1.0108
1BJ1,64,0.4113,-0.3162,1.9712,0.0448
1BJ1,65,0.8814,0.7626,0.0621,-0.9810
1BJ1,66,0.6419,0.2130,1.9889,0.0543
1BJ1,67,0.8348,0.6557,0.6718,-0.6533
1BJ1,68,0.7483,0.4573,0.0953,-0.9631
1BJ1,69,1.2561,1.6225,1.9690,0.0436
1BJ1,70,0.7894,0.5514,0.2040,-0.9047
1BJ1,71,0.9534,0.9279,1.4767,-0.2209
1BJ1,72,0.0898,-1.0540,0.8226,-0.5723
1BJ1,73,0.0111,-1.2347,3.4191,0.8227
1BJ1,74,0.3071,-0.5553,3.4501,0.8394
1BJ1,75,0.4978,-0.1177,0.6475,-0.6665
1BJ1,76,0.0200,-1.2143,4.2683,1.2790
1BJ1,77,0.8470,0.6837,1.5721,-0.1697
1BJ1,78,0.0122,-1.2321,1.7007,-0.1006
1BJ1,79,0.8359,0.6582,0.0865,-0.9679
1BJ1,80,0.1907,-0.8225,6.8248,2.6526
1BJ1,81,0.8836,0.7677,0.0510,-0.9869
1BJ1,82,0.2195,-0.7563,2.0421,0.0829
1BJ1,83,0.8348,0.6557,0.0288,-0.9988
1BJ1,84,0.4324,-0.2678,0.8448,-0.5604
1BJ1,85,1.2716,1.6581,2.0754,0.1008
1BJ1,86,0.8470,0.6837,1.1397,-0.4020
1BJ1,87,0.8248,0.6328,2.3614,0.2545
1BJ1,88,1.0610,1.1747,1.4191,-0.2519
1BJ1,89,0.0000,-1.2601,1.9335,0.0245
1BJ1,90,1.4013,1.9558,3.8958,1.0789
1BJ1,91,0.0000,-1.2601,1.6319,-0.1375
1BJ1,92,1.3392,1.8133,2.0222,0.0722
1BJ1,93,0.0000,-1.2601,1.3282,-0.3007
1BJ1,94,0.4945,-0.1254,6.5033,2.4799
1BJ1,95,0.0466,-1.1532,1.8381,-0.0267
1BJ1,96,0.4678,-0.1864,0.3149,-0.8452
1BJ1,97,0.4767,-0.1661,2.2572,0.1985
1BJ1,98,0.6375,0.2028,0.1885,-0.9131
1BJ1,99,0.4290,-0.2755,1.2239,-0.3567
1BJ1,100,0.5222,-0.0618,4.9512,1.6460
1BJ1,101,0.7273,0.4089,0.1441,-0.9369
1BJ1,102,0.4800,-0.1584,0.2794,-0.8642
1BJ1,103,0.6341,0.1952,3.0222,0.6095
1BJ1,104,0.8437,0.6761,2.8271,0.5046
1BJ1,105,1.1264,1.3248,0.1308,-0.9440
1BJ1,106,0.1508,-0.9141,0.9224,-0.5187
1BJ1,107,0.0843,-1.0667,0.9424,-0.5080
1BJ1,108,0.9069,0.8211,1.4390,-0.2411
1BJ1,109,0.0000,-1.2601,1.1530,-0.3948
1BJ1,110,1.0898,1.2409,0.0554,-0.9845
1BJ1,111,0.0111,-1.2347,7.4035,2.9636
1BJ1,112,1.0676,1.1900,1.0377,-0.4568
1BJ1,113,0.0000,-1.2601,2.0044,0.0627
1BJ1,114,0.7882,0.5488,0.0022,-1.0131
1BJ1,115,0.5310,-0.0414,5.2439,1.8032
1BJ1,116,0.7550,0.4725,0.0621,-0.9810
1BJ1,117,0.0055,-1.2474,1.1264,-0.4091
1BJ1,118,0.4457,-0.2373,3.5876,0.9133
1BJ1,119,1.1075,1.2816,4.5233,1.4160
1BJ1,120,0.6031,0.1240,0.3459,-0.8285
1BJ1,121,0.0000,-1.2601,1.1552,-0.3936
1BJ1,122,0.0366,-1.1761,6.5831,2.5228
1BJ1,123,0.9346,0.8847,4.3836,1.3410
1BJ1,124,0.0366,-1.1761,1.2373,-0.3496
1BJ1,125,0.2583,-0.6673,5.5432,1.9640
1BJ1,126,0.3237,-0.5172,1.0111,-0.4711
1BJ1,127,0.8071,0.5921,0.0044,-1.0119
1BJ1,128,0.0366,-1.1761,1.5100,-0.2030
1BJ1,129,0.7262,0.4064,1.6519,-0.1268
1BJ1,130,0.0000,-1.2601,0.0000,-1.0143
1BJ1,131,0.5111,-0.0872,1.7871,-0.0541
1BJ1,132,0.2162,-0.7640,0.0177,-1.0048
1BJ1,133,0.7871,0.5463,0.0000,-1.0143
1BJ1,134,0.0000,-1.2601,1.0177,-0.4675
1BJ1,135,0.8670,0.7295,0.0466,-0.9893
1BJ1,136,0.7849,0.5412,0.3060,-0.8499
1BJ1,137,2.1940,3.7749,1.1619,-0.3901
1BJ1,138,0.4180,-0.3009,1.2772,-0.3281
1BJ1,139,0.8038,0.5845,0.4302,-0.7832
1BJ1,140,0.0000,-1.2601,1.5432,-0.1851
1BJ1,141,0.4690,-0.1839,0.0599,-0.9822
1BJ1,142,0.0255,-1.2016,1.4501,-0.2352
1BJ1,143,0.0942,-1.0438,3.1996,0.7048
1BJ1,144,0.6098,0.1392,5.1153,1.7341
1BJ1,145,0.1075,-1.0133,6.5166,2.4870
1BJ1,146,0.6264,0.1774,0.6142,-0.6843
1BJ1,147,0.2783,-0.6215,0.9579,-0.4997
1BJ1,148,1.0266,1.0959,4.8248,1.5780
1BJ1,149,0.0554,-1.1329,1.7561,-0.0708
1BJ1,150,0.8925,0.7880,0.0022,-1.0131
1BJ1,151,0.0078,-1.2423,1.1197,-0.4127
1BJ1,152,0.4789,-0.1610,2.0200,0.0710
1BJ1,153,1.1220,1.3147,4.3570,1.3267
1BJ1,154,0.0687,-1.1024,6.5100,2.4835
1BJ1,155,1.2528,1.6149,0.8470,-0.5592
1BJ1,156,0.1574,-0.8988,3.9002,1.0813
1BJ1,157,0.7816,0.5336,0.0022,-1.0131
1BJ1,158,0.5477,-0.0032,1.4568,-0.2316
1BJ1,159,0.8603,0.7142,0.0111,-1.0084
1BJ1,160,0.6153,0.1519,2.1574,0.1449
1BJ1,161,0.8248,0.6328,0.6075,-0.6879
1BJ1,162,0.6896,0.3224,0.0798,-0.9714
1BJ1,163,1.2228,1.5462,2.0355,0.0793
1BJ1,164,0.8071,0.5921,0.2217,-0.8952
1BJ1,165,0.9357,0.8872,1.3437,-0.2924
1BJ1,166,0.0710,-1.0973,0.8514,-0.5568
1BJ1,167,0.0055,-1.2474,3.3171,0.7679
1BJ1,168,0.2672,-0.6469,3.4856,0.8585
1BJ1,169,0.5089,-0.0923,0.6009,-0.6915
1BJ1,170,0.0233,-1.2067,4.2018,1.2433
1BJ1,171,0.8792,0.7575,1.4191,-0.2519
1BJ1,172,0.0255,-1.2016,1.6253,-0.1411
1BJ1,173,0.7971,0.5692,0.0621,-0.9810
1BJ1,174,0.1319,-0.9573,6.8714,2.6777
1BJ1,175,0.8670,0.7295,0.0687,-0.9774
1BJ1,176,0.1796,-0.8479,2.1131,0.1210
1BJ1,177,0.8392,0.6659,0.0687,-0.9774
1BJ1,178,0.4490,-0.2297,0.7960,-0.5866
1BJ1,179,1.2672,1.6480,2.1441,0.1377
1BJ1,180,0.8625,0.7193,1.1752,-0.3829
1BJ1,181,0.8304,0.6455,2.3525,0.2497
1BJ1,182,1.0931,1.2485,1.3503,-0.2888
1BJ1,183,0.0000,-1.2601,1.9800,0.0495
1BJ1,184,1.3769,1.8998,4.1086,1.1932
1BJ1,185,0.0310,-1.1889,1.6319,-0.1375
1BJ1,186,1.2583,1.6276,2.0687,0.0972
1BJ1,187,0.0000,-1.2601,1.2838,-0.3245
1BJ1,188,0.5621,0.0298,6.6142,2.5395
1HGU,1,0.0188,-1.3412,1.4812,-0.2050
1HGU,2,0.0310,-1.3060,3.0111,0.6965
1HGU,3,0.2262,-0.7430,1.0333,-0.4689
1HGU,4,0.3137,-0.4902,0.0022,-1.0764
1HGU,5,0.3825,-0.2919,0.7051,-0.6622
1HGU,6,0.3293,-0.4454,2.1419,0.1844
1HGU,7,0.5100,0.0760,2.6652,0.4927
1HGU,8,0.5377,0.1560,0.4080,-0.8373
1HGU,9,0.7483,0.7639,0.0355,-1.0568
1HGU,10,0.8060,0.9302,2.3747,0.3215
1HGU,11,0.7195,0.6807,2.5676,0.4352
1HGU,12,0.7029,0.6327,0.0000,-1.0777
1HGU,13,0.7982,0.9078,0.3237,-0.8869
1HGU,14,0.6696,0.5367,0.5521,-0.7524
1HGU,15,1.1131,1.8164,1.4967,-0.1958
1HGU,16,0.7650,0.8118,0.0310,-1.0594
1HGU,17,0.7018,0.6295,2.0310,0.1190
1HGU,18,1.6774,3.4448,1.5211,-0.1814
1HGU,19,0.6031,0.3448,0.0443,-1.0516
1HGU,20,0.6220,0.3992,1.0710,-0.4467
1HGU,21,0.9379,1.3109,2.2927,0.2732
1HGU,22,0.4734,-0.0295,0.9800,-0.5002
1HGU,23,0.2417,-0.6982,0.8004,-0.6061
1HGU,24,0.4789,-0.0135,0.5698,-0.7419
1HGU,25,0.5100,0.0760,5.1330,1.9468
1HGU,26,0.5432,0.1720,1.3481,-0.2834
1HGU,27,0.3082,-0.5062,0.2084,-0.9549
1HGU,28,0.2794,-0.5894,6.3370,2.6562
1HGU,29,0.1452,-0.9765,6.0177,2.4681
1HGU,30,0.7439,0.7511,0.0089,-1.0725
1HGU,31,0.3104,-0.4998,5.5233,2.1767
1HGU,32,0.1929,-0.8389,6.0909,2.5112
1HGU,33,0.1863,-0.8581,0.9113,-0.5407
1HGU,34,0.3559,-0.3686,0.8891,-0.5538
1HGU,35,0.2561,-0.6566,0.7738,-0.6217
1HGU,36,0.1419,-0.9861,0.5455,-0.7563
1HGU,37,0.1585,-0.9381,2.5920,0.4496
1HGU,38,0.0710,-1.1908,7.1242,3.1200
1HGU,39,0.6696,0.5367,2.9424,0.6560
1HGU,40,0.3093,-0.5030,2.2993,0.2771
1HGU,41,0.0698,-1.1940,1.4856,-0.2024
1HGU,42,0.4978,0.0408,2.0798,0.1478
1HGU,43,0.3204,-0.4710,0.7361,-0.6439
1HGU,44,0.2716,-0.6118,0.6519,-0.6936
1HGU,45,0.4590,-0.0711,2.7162,0.5227
1HGU,46,0.2395,-0.7046,0.9756,-0.5028
1HGU,47,0.0200,-1.3380,0.9379,-0.5251
1HGU,48,0.2860,-0.5702,3.2927,0.8624
1HGU,49,0.2561,-0.6566,0.8958,-0.5499
1HGU,50,0.0554,-1.2356,2.5721,0.4378
1HGU,51,0.1585,-0.9381,0.9911,-0.4937
1HGU,52,0.1109,-1.0757,0.9756,-0.5028
1HGU,53,1.0942,1.7620,0.0222,-1.0646
1HGU,54,0.3271,-0.4518,1.7849,-0.0260
1HGU,55,0.2361,-0.7142,6.2749,2.6196
1HGU,56,0.3548,-0.3718,2.2572,0.2523
1HGU,57,0.3925,-0.2631,0.2306,-0.9418
1HGU,58,0.0565,-1.2324,0.8137,-0.5982
1HGU,59,0.0676,-1.2004,2.7627,0.5502
1HGU,60,0.0322,-1.3028,1.0222,-0.4754
1HGU,61,0.2239,-0.7493,2.6098,0.4600
1HGU,62,0.1353,-1.0053,3.6386,1.0662
1HGU,63,0.1984,-0.8229,3.8980,1.2191
1HGU,64,0.6741,0.5495,5.3149,2.0539
1HGU,65,0.5166,0.0952,3.1840,0.7984
1HGU,66,0.1752,-0.8901,1.2882,-0.3186
1HGU,67,0.4180,-0.1895,3.4302,0.9434
1HGU,68,0.4723,-0.0327,2.7583,0.5476
1HGU,69,0.4523,-0.0903,2.2816,0.2667
1HGU,70,0.5299,0.1336,1.7295,-0.0586
1HGU,71,0.7506,0.7703,1.6541,-0.1031
1HGU,72,0.3370,-0.4230,0.6696,-0.6831
1HGU,73,0.8481,1.0518,1.8293,0.0002
1HGU,74,0.9734,1.4133,0.1242,-1.0045
1HGU,75,0.6186,0.3896,0.0000,-1.0777
1HGU,76,1.0022,1.4965,2.4656,0.3751
1HGU,77,0.7616,0.8022,0.0022,-1.0764
1HGU,78,1.0044,1.5029,0.8071,-0.6021
1HGU,79,0.7827,0.8630,0.0067,-1.0738
1HGU,80,0.8115,0.9462,0.0022,-1.0764
1HGU,81,0.4002,-0.2407,0.1641,-0.9810
1HGU,82,0.7483,0.7639,0.0000,-1.0777
1HGU,83,1.1220,1.8420,2.6630,0.4914
1HGU,84,0.8692,1.1126,0.8115,-0.5995
1HGU,85,0.5765,0.2680,0.0000,-1.0777
1HGU,86,0.1231,-1.0405,0.4656,-0.8033
1HGU,87,0.1608,-0.9317,6.6408,2.8352
1HGU,88,0.2295,-0.7334,0.0621,-1.0411
1HGU,89,0.4623,-0.0615,0.8293,-0.5891
1HGU,90,0.1585,-0.9381,1.0443,-0.4623
1HGU,91,0.4102,-0.2119,0.8204,-0.5943
1HGU,92,0.1962,-0.8293,1.1929,-0.3748
1HGU,93,0.9690,1.4005,2.7428,0.5384
1HGU,94,0.4701,-0.0391,1.9224,0.0550
1HGU,95,0.0831,-1.1556,0.9557,-0.5146
1HGU,96,0.3825,-0.2919,0.6851,-0.6740
1HGU,97,0.3448,-0.4006,0.5388,-0.7602
1HGU,98,0.9678,1.3973,1.6851,-0.0848
1HGU,99,0.4113,-0.2087,2.0754,0.1452
1HGU,100,0.0100,-1.3668,1.9224,0.0550
1HGU,101,0.0732,-1.1844,1.0710,-0.4467
1HGU,102,0.0211,-1.3348,1.8315,0.0015
1HGU,103,0.1330,-1.0117,1.2040,-0.3683
1HGU,104,0.0732,-1.1844,1.5100,-0.1880
1HGU,105,0.0865,-1.1460,3.0333,0.7096
1HGU,106,0.9723,1.4101,3.4368,0.9473
1HGU,107,0.1674,-0.9125,2.6652,0.4927
1HGU,108,0.7461,0.7575,4.6452,1.6594
1HGU,109,0.2716,-0.6118,0.3947,-0.8451
1HGU,110,0.3880,-0.2759,0.4967,-0.7850
1HGU,111,0.2306,-0.7302,5.8204,2.3518
1HGU,112,0.3115,-0.4966,0.1951,-0.9627
1HGU,113,0.5022,0.0536,0.0000,-1.0777
1HGU,114,0.9002,1.2021,1.9756,0.0864
1HGU,115,0.7749,0.8406,4.4812,1.5627
1HGU,116,0.6353,0.4375,0.0000,-1.0777
1HGU,117,1.6729,3.4320,3.0621,0.7266
1HGU,118,0.8736,1.1254,5.2328,2.0056
1HGU,119,0.4900,0.0185,0.1818,-0.9706
1HGU,120,0.7849,0.8694,0.0000,-1.0777
1HGU,121,0.8636,1.0966,2.7849,0.5632
1HGU,122,0.7073,0.6455,1.3525,-0.2807
1HGU,123,0.5965,0.3256,0.0111,-1.0712
1HGU,124,0.6109,0.3672,0.5366,-0.7615
1HGU,125,0.2084,-0.7941,1.0355,-0.4676
1HGU,126,0.4933,0.0280,3.2461,0.8350
1HGU,127,0.3415,-0.4102,0.8514,-0.5760
1HGU,128,1.0421,1.6116,4.8093,1.7561
1HGU,129,0.1275,-1.0277,6.2328,2.5948
1HGU,130,0.0543,-1.2388,1.3259,-0.2964
1HGU,131,0.5166,0.0952,2.0200,0.1125
1HGU,132,0.0299,-1.3092,1.0421,-0.4636
1HGU,133,0.5654,0.2360,3.4124,0.9330
1HGU,134,0.1608,-0.9317,2.4457,0.3634
1HGU,135,0.0698,-1.1940,1.4878,-0.2010
1HGU,136,0.2772,-0.5958,3.4013,0.9264
1HGU,137,0.0743,-1.1812,1.5410,-0.1697
1HGU,138,0.0809,-1.1620,1.5765,-0.1488
1HGU,139,0.0588,-1.2260,3.0155,0.6991
1HGU,140,0.4590,-0.0711,3.0266,0.7056
1HGU,141,0.0322,-1.3028,2.9956,0.6874
1HGU,142,0.1885,-0.8517,0.9268,-0.5316
1HGU,143,0.0000,-1.3956,1.5898,-0.1409
1HGU,144,0.4302,-0.1543,2.3747,0.3215
1HGU,145,0.0044,-1.3828,0.9512,-0.5172
1HGU,146,0.5654,0.2360,5.0044,1.8710
1HGU,147,0.0078,-1.3732,1.3681,-0.2716
1HGU,148,0.1863,-0.8581,3.8093,1.1668
1HGU,149,0.5022,0.0536,1.7428,-0.0508
1HGU,150,0.0588,-1.2260,2.8514,0.6024
1HGU,151,0.4235,-0.1735,3.1973,0.8062
1HGU,152,0.4723,-0.0327,5.5188,2.1741
1HGU,153,0.5765,0.2680,4.8847,1.8005
1HGU,154,0.5543,0.2040,0.5588,-0.7485
1HGU,155,0.4678,-0.0455,0.1153,-1.0098
1HGU,156,0.3681,-0.3335,0.7295,-0.6479
1HGU,157,0.6552,0.4951,1.2971,-0.3134
1HGU,158,1.2605,2.2419,1.2306,-0.3526
1HGU,159,0.6164,0.3832,0.0554,-1.0450
1HGU,160,0.6430,0.4599,0.1973,-0.9614
1HGU,161,0.6585,0.5047,0.0000,-1.0777
1HGU,162,0.6674,0.5303,0.3326,-0.8817
1HGU,163,0.6386,0.4471,0.3259,-0.8856
1HGU,164,0.6164,0.3832,0.0000,-1.0777
1HGU,165,0.6530,0.4887,0.2217,-0.9470
1HGU,166,0.7594,0.7958,2.3725,0.3202
1HGU,167,0.4956,0.0344,1.7184,-0.0652
1HGU,168,1.4789,2.8721,0.4080,-0.8373
1HGU,169,0.7206,0.6839,0.0488,-1.0489
1HGU,170,1.0820,1.7268,4.6696,1.6737
1HGU,171,1.3171,2.4050,0.2084,-0.9549
1HGU,172,0.5721,0.2552,0.4523,-0.8112
1HGU,173,1.2162,2.1139,3.3016,0.8677
1HGU,174,1.0565,1.6532,0.8537,-0.5747
1HGU,175,0.7417,0.7447,0.5543,-0.7511
1HGU,176,0.5643,0.2328,0.0222,-1.0646
1HGU,177,1.2106,2.0979,2.1441,0.1857
1HGU,178,0.5665,0.2392,0.0687,-1.0372
1HGU,179,0.7062,0.6423,0.1042,-1.0163
1HGU,180,0.8104,0.9430,1.9357,0.0629
1HGU,181,0.5654,0.2360,0.5521,-0.7524
1HGU,182,1.4235,2.7121,1.7007,-0.0756
1HGU,183,0.5532,0.2008,1.9401,0.0655
1HGU,184,0.2860,-0.5702,0.9335,-0.5277
1HGU,185,0.0953,-1.1205,7.1596,3.1409
1HGU,186,0.0421,-1.2740,1.4013,-0.2520
1HGU,187,0.2339,-0.7206,2.6231,0.4679
1HGU,188,0.1563,-0.9445,1.4368,-0.2311
1HGU,189,0.3803,-0.2983,5.1220,1.9403
1JRH,1,0.0044,-1.1157,2.8825,0.5761
1JRH,2,0.0067,-1.1106,1.6275,-0.1359
1JRH,3,0.0022,-1.1208,0.0067,-1.0554
1JRH,4,0.0322,-1.0520,3.0111,0.6490
1JRH,5,0.0078,-1.1081,0.8271,-0.5900
1JRH,6,0.9435,1.0416,1.2040,-0.3761
1JRH,7,0.5554,0.1502,3.0710,0.6830
1JRH,8,0.0277,-1.0622,1.5499,-0.1799
1JRH,9,1.2118,1.6580,0.9845,-0.5006
1JRH,10,0.0055,-1.1132,1.8670,-0.0000
1JRH,11,1.2040,1.6402,5.0754,1.8201
1JRH,12,0.4390,-0.1173,2.1863,0.1811
1JRH,13,0.3016,-0.4331,0.9623,-0.5132
1JRH,14,0.0133,-1.0953,4.1663,1.3044
1JRH,15,0.2284,-0.6012,1.0133,-0.4843
1JRH,16,0.3149,-0.4025,3.2727,0.7974
1JRH,17,0.4180,-0.1657,0.0399,-1.0365
1JRH,18,0.8703,0.8735,0.0067,-1.0554
1JRH,19,0.8503,0.8277,0.0000,-1.0591
1JRH,20,0.9124,0.9703,0.0665,-1.0214
1JRH,21,0.2461,-0.5605,0.9557,-0.5170
1JRH,22,1.1718,1.5663,4.6851,1.5987
1JRH,23,0.0355,-1.0444,1.5698,-0.1686
1JRH,24,0.0831,-0.9349,3.5987,0.9823
1JRH,25,0.0355,-1.0444,1.7738,-0.0529
1JRH,26,0.0144,-1.0928,1.4013,-0.2642
1JRH,27,0.0055,-1.1132,1.2195,-0.3673
1JRH,28,0.0299,-1.0571,3.2528,0.7861
1JRH,29,0.0078,-1.1081,1.5831,-0.1610
1JRH,30,0.0200,-1.0801,0.9933,-0.4956
1JRH,31,0.6973,0.4762,0.2417,-0.9220
1JRH,32,0.7494,0.5959,0.0044,-1.0566
1JRH,33,1.2761,1.8057,1.0865,-0.4428
1JRH,34,1.1463,1.5077,0.0044,-1.0566
1JRH,35,1.4401,2.1827,2.8027,0.5308
1JRH,36,0.8681,0.8684,0.4124,-0.8252
1JRH,37,1.0177,1.2123,1.3038,-0.3195
1JRH,38,1.0931,1.3855,1.7805,-0.0491
1JRH,39,0.5909,0.2317,0.5166,-0.7661
1JRH,40,0.1508,-0.7795,1.2993,-0.3220
1JRH,41,0.0421,-1.0291,1.5521,-0.1786
1JRH,42,0.3259,-0.3771,2.2794,0.2339
1JRH,43,0.1663,-0.7438,3.5388,0.9484
1JRH,44,0.4157,-0.1708,1.4545,-0.2340
1JRH,45,0.1696,-0.7362,6.5322,2.6465
1JRH,46,0.1330,-0.8203,1.5898,-0.1573
1JRH,47,0.8703,0.8735,0.0310,-1.0415
1JRH,48,0.0477,-1.0164,5.7561,2.2062
1JRH,49,0.4346,-0.1275,1.2395,-0.3560
1JRH,50,0.7118,0.5093,0.0022,-1.0579
1JRH,51,0.0000,-1.1259,1.5543,-0.1774
1JRH,52,0.4080,-0.1886,3.1951,0.7534
1JRH,53,0.7494,0.5959,0.0000,-1.0591
1JRH,54,0.0222,-1.0750,3.2106,0.7622
1JRH,55,0.0322,-1.0520,1.5698,-0.1686
1JRH,56,0.2494,-0.5528,2.4989,0.3585
1JRH,57,0.0266,-1.0648,0.6386,-0.6969
1JRH,58,0.8503,0.8277,0.0000,-1.0591
1JRH,59,0.7738,0.6519,2.7871,0.5220
1JRH,60,0.6364,0.3361,0.0000,-1.0591
1JRH,61,0.7627,0.6265,1.5920,-0.1560
1JRH,62,0.0155,-1.0902,7.1863,3.0175
1JRH,63,0.3149,-0.4025,1.9579,0.0515
1JRH,64,0.2783,-0.4866,0.5721,-0.7346
1JRH,65,0.0078,-1.1081,1.5965,-0.1535
1JRH,66,1.3736,2.0299,3.9867,1.2025
1JRH,67,0.0432,-1.0266,1.1064,-0.4315
1JRH,68,0.6585,0.3870,2.1064,0.1358
1JRH,69,0.9667,1.0951,1.6563,-0.1195
1JRH,70,0.9102,0.9652,1.2572,-0.3459
1JRH,71,0.6608,0.3921,0.3392,-0.8667
1JRH,72,0.8747,0.8837,0.0000,-1.0591
1JRH,73,0.6142,0.2852,0.2816,-0.8994
1JRH,74,1.4390,2.1802,1.8137,-0.0302
1JRH,75,0.8858,0.9092,0.0000,-1.0591
1JRH,76,1.2761,1.8057,1.0111,-0.4856
1JRH,77,0.8437,0.8124,0.0355,-1.0390
1JRH,78,1.1098,1.4237,1.8736,0.0037
1JRH,79,0.7140,0.5144,0.5854,-0.7271
1JRH,80,0.0854,-0.9298,1.2971,-0.3233
1JRH,81,0.0521,-1.0062,4.3082,1.3849
1JRH,82,0.7228,0.5348,1.6009,-0.1510
1JRH,83,0.6608,0.3921,5.6186,2.1282
1JRH,84,1.3326,1.9356,0.7738,-0.6201
1JRH,85,0.4756,-0.0332,0.8115,-0.5988
1JRH,86,0.0055,-1.1132,1.8226,-0.0252
1JRH,87,0.8858,0.9092,0.0089,-1.0541
1JRH,88,0.0211,-1.0775,3.2927,0.8088
1JRH,89,0.8769,0.8888,1.3836,-0.2742
1JRH,90,0.2916,-0.4560,6.8647,2.8351
1JRH,91,0.3603,-0.2981,6.4368,2.5924
1JRH,92,0.6608,0.3921,0.0953,-1.0050
1JRH,93,0.0100,-1.1030,1.5122,-0.2013
1JRH,94,0.0876,-0.9247,1.8182,-0.0277
1JRH,95,0.1840,-0.7031,7.0266,2.9270
1OKE,1,0.1763,-0.8284,1.4324,-0.2002
1OKE,2,0.9767,1.0715,2.3171,0.3443
1OKE,3,0.1552,-0.8784,0.7827,-0.6001
1OKE,4,0.0432,-1.1441,1.2927,-0.2862
1OKE,5,0.0033,-1.2389,1.6962,-0.0378
1OKE,6,0.0809,-1.0547,1.0976,-0.4063
1OKE,7,0.2095,-0.7494,2.7251,0.5954
1OKE,8,0.7439,0.5189,1.7472,-0.0064
1OKE,9,1.3548,1.9688,1.9379,0.1109
1OKE,10,1.0488,1.2426,4.1353,1.4633
1OKE,11,0.0222,-1.1941,1.6386,-0.0733
1OKE,12,0.6619,0.3242,0.0554,-1.0477
1OKE,13,0.8237,0.7084,5.4723,2.2862
1OKE,14,0.4612,-0.1521,1.0155,-0.4568
1OKE,15,0.2472,-0.6599,1.3060,-0.2780
1OKE,16,0.0177,-1.2046,3.0288,0.7823
1OKE,17,0.0255,-1.1862,1.5787,-0.1102
1OKE,18,0.2273,-0.7073,1.1619,-0.3667
1OKE,19,0.5576,0.0768,1.7716,0.0086
1OKE,20,0.0166,-1.2073,1.6186,-0.0856
1OKE,21,0.8670,0.8110,0.0421,-1.0559
1OKE,22,0.0987,-1.0126,6.0155,2.6205
1OKE,23,0.8415,0.7505,0.3370,-0.8744
1OKE,24,0.0000,-1.2467,1.5410,-0.1334
1OKE,25,0.6253,0.2374,0.3614,-0.8593
1OKE,26,0.2783,-0.5863,6.1175,2.6833
1OKE,27,0.1120,-0.9810,3.1951,0.8847
1OKE,28,0.2816,-0.5784,0.7849,-0.5987
1OKE,29,0.4324,-0.2205,1.9313,0.1068
1OKE,30,0.6075,0.1953,0.2905,-0.9030
1OKE,31,0.8392,0.7452,0.0776,-1.0340
1OKE,32,1.4024,2.0820,0.0576,-1.0463
1OKE,33,1.0466,1.2373,0.3991,-0.8361
1OKE,34,0.7472,0.5268,0.1397,-0.9958
1OKE,35,0.1929,-0.7889,1.0776,-0.4186
1OKE,36,0.1264,-0.9468,2.7162,0.5899
1OKE,37,0.0266,-1.1836,3.9290,1.3364
1OKE,38,0.3769,-0.3521,2.2483,0.3020
1OKE,39,0.0000,-1.2467,0.3925,-0.8402
1OKE,40,0.8814,0.8452,1.5144,-0.1497
1OKE,41,0.9634,1.0399,0.1220,-1.0067
1OKE,42,1.6763,2.7319,1.8825,0.0768
1OKE,43,0.8182,0.6952,0.0200,-1.0695
1OKE,44,1.2129,1.6320,3.5610,1.1098
1OKE,45,0.0543,-1.1178,1.7672,0.0058
1OKE,46,0.4146,-0.2626,1.0155,-0.4568
1OKE,47,0.7805,0.6058,1.2439,-0.3162
1OKE,48,0.6519,0.3005,0.9667,-0.4868
1OKE,49,0.8614,0.7978,4.4789,1.6748
1OKE,50,0.2073,-0.7547,1.4412,-0.1948
1OKE,51,1.0310,1.2004,1.2395,-0.3189
1OKE,52,0.0244,-1.1889,4.1907,1.4974
1OKE,53,0.0322,-1.1704,0.8891,-0.5346
1OKE,54,0.4579,-0.1600,0.4834,-0.7843
1OKE,55,0.3137,-0.5021,2.1508,0.2419
1OKE,56,0.4889,-0.0863,0.6896,-0.6574
1OKE,57,0.5399,0.0347,2.1463,0.2392
1OKE,58,0.9412,0.9873,1.4346,-0.1989
1OKE,59,0.8049,0.6636,0.0000,-1.0818
1OKE,60,0.4191,-0.2521,0.0000,-1.0818
1OKE,61,0.8448,0.7584,0.0067,-1.0777
1OKE,62,1.2882,1.8109,3.2328,0.9079
1OKE,63,0.0022,-1.2415,1.6674,-0.0556
1OKE,64,0.8747,0.8294,1.4302,-0.2016
1OKE,65,0.0011,-1.2441,1.8027,0.0277
1OKE,66,0.9601,1.0320,1.2062,-0.3394
1OKE,67,0.3038,-0.5257,3.0909,0.8205
1OKE,68,0.0011,-1.2441,3.1353,0.8478
1OKE,69,1.1286,1.4320,0.9335,-0.5073
1OKE,70,0.2716,-0.6021,2.7494,0.6104
1OKE,71,1.1009,1.3662,4.6186,1.7608
1OKE,72,0.2195,-0.7257,2.4235,0.4098
1OKE,73,0.8426,0.7531,2.4501,0.4262
1OKE,74,0.4257,-0.2363,0.9867,-0.4745
1OKE,75,0.2306,-0.6994,0.7605,-0.6137
1OKE,76,0.2284,-0.7047,2.7384,0.6036
1OKE,77,0.7073,0.4321,2.7228,0.5940
1OKE,78,0.0033,-1.2389,1.2018,-0.3421
1OKE,79,0.1031,-1.0020,6.6807,3.0299
1OKE,80,0.0743,-1.0704,0.7805,-0.6014
1OKE,81,0.2029,-0.7652,2.5011,0.4575
1OKE,82,0.6774,0.3610,0.7295,-0.6328
1OKE,83,0.4157,-0.2600,3.6896,1.1890
1OKE,84,0.6308,0.2505,4.6275,1.7662
1OKE,85,1.0942,1.3504,4.5854,1.7403
1OKE,86,0.3559,-0.4021,3.7672,1.2368
1OKE,87,1.9534,3.3898,3.0244,0.7796
1OKE,88,0.1475,-0.8968,2.0111,0.1560
1OKE,89,1.7616,2.9345,1.8248,0.0413
1OKE,90,0.3914,-0.3179,0.5987,-0.7133
1OKE,91,0.8226,0.7057,0.0000,-1.0818
1OKE,92,0.0022,-1.2415,1.5432,-0.1320
1OKE,93,1.2639,1.7530,1.4279,-0.2029
1OKE,94,0.3980,-0.3021,2.8936,0.6991
1OKE,95,1.1231,1.4189,1.0488,-0.4363
1OKE,96,0.0122,-1.2178,1.4302,-0.2016
1OKE,97,0.8636,0.8031,0.0000,-1.0818
1OKE,98,0.5078,-0.0416,4.8980,1.9327
1OKE,99,1.2284,1.6688,2.6608,0.5558
1OKE,100,0.3027,-0.5284,0.0576,-1.0463
1OKE,101,0.0177,-1.2046,1.3193,-0.2698
1OKE,102,0.0100,-1.2231,1.4368,-0.1975
1OKE,103,0.7395,0.5084,1.5942,-0.1006
1OKE,104,0.0222,-1.1941,1.4368,-0.1975
1OKE,105,0.1619,-0.8626,0.6519,-0.6806
1OKE,106,0.0000,-1.2467,1.5344,-0.1374
1OKE,107,0.0000,-1.2467,0.3459,-0.8689
1OKE,108,0.0000,-1.2467,1.8537,0.0591
1OKE,109,0.6752,0.3558,0.1707,-0.9767
1OKE,110,0.1308,-0.9362,2.9623,0.7414
1OKE,111,0.8636,0.8031,0.1042,-1.0176
1OKE,112,0.4268,-0.2337,0.8381,-0.5659
1OKE,113,0.7605,0.5584,0.2395,-0.9344
1OKE,114,0.9678,1.0505,0.0310,-1.0627
1OKE,115,1.3448,1.9451,0.4390,-0.8116
1OKE,116,0.8869,0.8584,0.0133,-1.0736
1OKE,117,0.8226,0.7057,0.0000,-1.0818
1OKE,118,0.7539,0.5426,0.8071,-0.5851
1OKE,119,0.4468,-0.1863,0.9379,-0.5045
1OKE,120,0.8780,0.8373,1.4035,-0.2180
1OKE,121,0.0011,-1.2441,1.9667,0.1287
1OKE,122,0.4401,-0.2021,2.3769,0.3811
1OKE,123,1.4612,2.2214,0.8204,-0.5769
1OKE,124,0.0255,-1.1862,3.7007,1.1958
1OKE,125,0.7993,0.6505,0.0067,-1.0777
1OKE,126,1.1552,1.4952,4.0865,1.4333
1OKE,127,0.9789,1.0768,0.0000,-1.0818
1OKE,128,1.1585,1.5031,0.9778,-0.4800
1OKE,129,0.4568,-0.1626,0.6497,-0.6819
1OKE,130,0.0111,-1.2204,1.5787,-0.1102
1OKE,131,0.8625,0.8005,2.3614,0.3716
1OKE,132,0.2106,-0.7468,0.0399,-1.0572
1OKE,133,0.4035,-0.2889,5.7605,2.4636
1OKE,134,1.3215,1.8899,1.4324,-0.2002
1OKE,135,0.4989,-0.0626,0.2129,-0.9508
1OKE,136,0.9701,1.0557,4.7273,1.8277
1OKE,137,0.8636,0.8031,0.0022,-1.0804
1OKE,138,1.1109,1.3899,0.9069,-0.5236
1OKE,139,0.9324,0.9663,0.0000,-1.0818
1OKE,140,0.7716,0.5847,0.1619,-0.9822
1OKE,141,0.9113,0.9163,0.0089,-1.0763
1OKE,142,1.0510,1.2478,0.7228,-0.6369
1OKE,143,0.0421,-1.1468,1.1086,-0.3995
1OKE,144,1.1397,1.4583,0.9756,-0.4813
1OKE,145,0.4013,-0.2942,1.8160,0.0359
1OKE,146,0.4956,-0.0705,0.5831,-0.7229
1OKE,147,0.8481,0.7663,4.8780,1.9204
1OKE,148,1.1286,1.4320,4.8936,1.9300
1OKE,149,0.7084,0.4347,0.7916,-0.5946
1OKE,150,0.1741,-0.8336,0.6341,-0.6915
1OKE,151,0.2738,-0.5968,1.1530,-0.3722
1OKE,152,0.2528,-0.6468,1.1596,-0.3681
1OKE,153,0.6131,0.2084,2.5166,0.4671
1OKE,154,0.2162,-0.7336,5.7361,2.4486
1OKE,155,0.4080,-0.2784,1.8248,0.0413
1OKE,156,0.1718,-0.8389,1.0953,-0.4076
1OKE,157,0.3559,-0.4021,2.5743,0.5026
1OKE,158,0.1308,-0.9362,2.0111,0.1560
1OKE,159,0.0532,-1.1204,1.2417,-0.3176
1OKE,160,1.0787,1.3136,1.1796,-0.3558
1OKE,161,0.0366,-1.1599,7.0022,3.2278
1OKE,162,0.9324,0.9663,0.0067,-1.0777
1OKE,163,0.5155,-0.0231,2.2971,0.3320
1OKE,164,0.8647,0.8057,0.0022,-1.0804
1OKE,165,1.2916,1.8188,1.3171,-0.2712
1OKE,166,0.0299,-1.1757,1.0200,-0.4540
1OKE,167,0.3459,-0.4258,3.4279,1.0280
1OKE,168,0.4080,-0.2784,2.4568,0.4302
1OKE,169,0.6341,0.2584,1.6652,-0.0569
1OKE,170,0.0687,-1.0836,1.1951,-0.3462
1OKE,171,0.9490,1.0057,0.8670,-0.5482
1OKE,172,0.1341,-0.9283,6.8137,3.1118
1OKE,173,0.8947,0.8768,0.0333,-1.0613
1OKE,174,0.2007,-0.7705,6.4656,2.8975
1OKE,175,0.8681,0.8136,0.2106,-0.9521
1OKE,176,0.1951,-0.7836,1.8780,0.0741
1OKE,177,0.0443,-1.1415,1.3880,-0.2275
1OKE,178,0.7118,0.4426,0.0865,-1.0286
1OKE,179,0.5421,0.0400,0.1574,-0.9849
1OKE,180,0.2273,-0.7073,2.3814,0.3839
1OKE,181,0.8914,0.8689,0.0244,-1.0668
1OKE,182,0.5576,0.0768,1.3326,-0.2616
1OKE,183,0.7417,0.5137,0.0333,-1.0613
1OKE,184,1.2018,1.6057,4.3215,1.5779
1OKE,185,0.2506,-0.6521,0.6075,-0.7079
1OKE,186,0.8647,0.8057,1.3481,-0.2521
1OKE,187,0.1297,-0.9389,0.8160,-0.5796
1OKE,188,0.7761,0.5952,2.9579,0.7387
1OKE,189,0.2838,-0.5731,2.2483,0.3020
1OKE,190,0.0222,-1.1941,1.5565,-0.1238
1OKE,191,0.0676,-1.0862,1.5809,-0.1088
1OKE,192,0.8891,0.8636,4.7849,1.8631
1OKE,193,0.1663,-0.8520,1.0843,-0.4145
1OKE,194,0.5122,-0.0310,3.2949,0.9461
1OKE,195,0.8392,0.7452,5.2395,2.1429
1OKE,196,0.3226,-0.4810,1.2727,-0.2985
1OKE,197,0.8271,0.7163,0.0000,-1.0818
1OKE,198,0.8659,0.8084,0.0887,-1.0272
1OKE,199,0.7616,0.5610,0.0000,-1.0818
1OKE,200,1.1718,1.5346,2.2572,0.3074
1OKE,201,0.6075,0.1953,0.8492,-0.5591
1OKE,202,0.1718,-0.8389,2.9778,0.7509
1OKE,203,0.4834,-0.0995,4.7672,1.8522
1OKE,204,0.7140,0.4479,1.6962,-0.0378
1OKE,205,1.0255,1.1873,0.0599,-1.0449
1OKE,206,0.7616,0.5610,0.0000,-1.0818
1OKE,207,0.4102,-0.2731,0.8914,-0.5332
1OKE,208,0.8271,0.7163,0.0244,-1.0668
1OKE,209,0.7761,0.5952,1.6918,-0.0406
1OKE,210,0.9368,0.9768,2.4856,0.4480
1OKE,211,0.2749,-0.5942,3.3947,1.0075
1OKE,212,0.2129,-0.7415,0.5499,-0.7433
1OKE,213,0.5188,-0.0153,0.0044,-1.0791
1OKE,214,0.3315,-0.4600,1.0687,-0.4240
1OKE,215,0.1752,-0.8310,6.2217,2.7474
1OKE,216,0.2062,-0.7573,0.7228,-0.6369
1OKE,217,0.0011,-1.2441,0.9002,-0.5277
1OKE,218,0.5432,0.0426,0.0133,-1.0736
1OKE,219,0.4191,-0.2521,0.0000,-1.0818
1OKE,220,0.7151,0.4505,0.0000,-1.0818
1OKE,221,0.8326,0.7294,0.0067,-1.0777
1OKE,222,0.3359,-0.4494,0.6386,-0.6888
1OKE,223,0.0543,-1.1178,1.3282,-0.2644
1OKE,224,0.0011,-1.2441,1.4279,-0.2029
1OKE,225,1.0366,1.2136,4.7428,1.8372
1OKE,226,0.0244,-1.1889,3.1397,0.8506
1OKE,227,0.4035,-0.2889,3.5388,1.0962
1OKE,228,0.3869,-0.3284,0.9867,-0.4745
1OKE,229,0.1375,-0.9205,2.3215,0.3470
1OKE,230,0.0665,-1.0889,3.7960,1.2545
1OKE,231,0.1685,-0.8468,0.2373,-0.9358
1OKE,232,0.7151,0.4505,0.0000,-1.0818
1OKE,233,1.3271,1.9030,2.4900,0.4507
1OKE,234,0.7727,0.5873,1.1042,-0.4022
1OKE,235,0.4069,-0.2810,6.1020,2.6737
1OKE,236,0.8847,0.8531,0.9867,-0.4745
1OKE,237,0.8304,0.7242,0.0865,-1.0286
1OKE,238,0.2129,-0.7415,0.7428,-0.6246
1OKE,239,0.9290,0.9584,1.2661,-0.3026
1OKE,240,0.0011,-1.2441,1.6807,-0.0474
1OKE,241,0.7605,0.5584,1.7605,0.0017
1OKE,242,0.4978,-0.0653,3.0865,0.8178
1OKE,243,0.0000,-1.2467,1.2173,-0.3326
1OKE,244,0.5100,-0.0363,1.6164,-0.0870
1OKE,245,0.2827,-0.5757,1.0643,-0.4268
1OKE,246,0.4734,-0.1231,2.1042,0.2133
1OKE,247,0.4324,-0.2205,2.0754,0.1955
1OKE,248,0.8248,0.7110,2.4812,0.4453
1OKE,249,0.8359,0.7373,4.4634,1.6653
1OKE,250,0.0710,-1.0783,1.3548,-0.2480
1OKE,251,0.9102,0.9136,0.0177,-1.0709
1OKE,252,0.0244,-1.1889,1.7894,0.0195
1OKE,253,0.4401,-0.2021,1.0067,-0.4622
1OKE,254,0.2827,-0.5757,0.8226,-0.5755
1OKE,255,0.5843,0.1400,2.1042,0.2133
1OKE,256,1.0166,1.1662,2.0665,0.1901
1OKE,257,1.0942,1.3504,4.2439,1.5302
1OKE,258,0.5543,0.0690,0.4967,-0.7761
1OKE,259,0.1674,-0.8494,0.9623,-0.4895
1OKE,260,0.5399,0.0347,0.1397,-0.9958
1OKE,261,0.5299,0.0111,1.9933,0.1450
1OKE,262,0.7838,0.6136,1.6763,-0.0501
1OKE,263,0.2306,-0.6994,0.9756,-0.4813
1OKE,264,0.4978,-0.0653,0.6475,-0.6833
1OKE,265,0.3725,-0.3626,2.1153,0.2201
1OKE,266,0.0488,-1.1310,1.4479,-0.1907
1OKE,267,0.2705,-0.6047,0.9424,-0.5018
1OKE,268,0.4124,-0.2679,2.2594,0.3088
1OKE,269,0.2018,-0.7678,6.3304,2.8143
1OKE,270,0.7605,0.5584,0.1508,-0.9890
1OKE,271,1.0953,1.3531,1.9157,0.0973
1OKE,272,0.0288,-1.1783,2.0333,0.1696
1OKE,273,0.2938,-0.5494,2.2239,0.2870
1OKE,274,0.1608,-0.8652,2.9490,0.7332
1OKE,275,0.2749,-0.5942,0.9002,-0.5277
1OKE,276,0.3359,-0.4494,3.1064,0.8301
1OKE,277,0.3359,-0.4494,1.0998,-0.4049
1OKE,278,0.3614,-0.3889,1.2971,-0.2835
1OKE,279,0.2738,-0.5968,0.3525,-0.8648
1OKE,280,0.1441,-0.9047,2.7916,0.6363
1OKE,281,0.0632,-1.0968,1.6563,-0.0624
1OKE,282,0.6319,0.2531,1.6164,-0.0870
1OKE,283,0.6452,0.2847,0.2838,-0.9071
1OKE,284,0.8636,0.8031,1.6164,-0.0870
1OKE,285,0.8448,0.7584,0.3991,-0.8361
1OKE,286,1.2051,1.6136,2.3215,0.3470
1OKE,287,0.8670,0.8110,0.0177,-1.0709
1OKE,288,1.2616,1.7478,2.3237,0.3484
1OKE,289,0.7594,0.5558,0.0843,-1.0299
1OKE,290,0.9435,0.9926,3.2661,0.9283
1OKE,291,0.2960,-0.5442,2.5743,0.5026
1OKE,292,0.4047,-0.2863,0.4368,-0.8129
1OKE,293,0.4468,-0.1863,2.6275,0.5353
1OKE,294,0.0266,-1.1836,1.7095,-0.0296
1OKE,295,0.2051,-0.7599,2.4213,0.4084
1OKE,296,0.4845,-0.0968,0.5876,-0.7202
1OKE,297,0.1907,-0.7941,1.0067,-0.4622
1OKE,298,0.0000,-1.2467,3.0843,0.8164
1OKE,299,0.2506,-0.6521,0.6497,-0.6819
1OKE,300,0.4701,-0.1310,2.2794,0.3211
1OKE,301,0.0011,-1.2441,1.9002,0.0877
1OKE,302,0.4191,-0.2521,1.0244,-0.4513
1OKE,303,0.0022,-1.2415,3.1774,0.8738
1OKE,304,0.0000,-1.2467,0.9601,-0.4909
1OKE,305,0.4612,-0.1521,2.1907,0.2665
1OKE,306,0.0488,-1.1310,1.4346,-0.1989
1OKE,307,0.9446,0.9952,1.4590,-0.1838
1OKE,308,0.0000,-1.2467,1.9135,0.0959
1OKE,309,0.4013,-0.2942,1.1508,-0.3735
1OKE,310,0.2395,-0.6784,1.9933,0.1450
1OKE,311,0.1330,-0.9310,6.8359,3.1254
1OKE,312,0.0044,-1.2362,1.8670,0.0673
1OKE,313,0.7550,0.5452,0.0200,-1.0695
1OKE,314,0.0299,-1.1757,7.3459,3.4393
1OKE,315,1.2461,1.7109,0.9091,-0.5223
1OKE,316,0.2905,-0.5573,3.7051,1.1985
1OKE,317,0.3160,-0.4968,2.0843,0.2010
1OKE,318,0.2749,-0.5942,0.9490,-0.4977
1OKE,319,1.3548,1.9688,0.0953,-1.0231
1OKE,320,0.9047,0.9005,0.0000,-1.0818
1OKE,321,0.7550,0.5452,0.7007,-0.6506
1OKE,322,0.7749,0.5926,0.0576,-1.0463
1OKE,323,1.1086,1.3846,2.5211,0.4698
1OKE,324,0.8736,0.8268,0.0067,-1.0777
1OKE,325,1.1896,1.5767,1.8470,0.0550
1OKE,326,0.0033,-1.2389,1.5743,-0.1129
1OKE,327,0.5488,0.0558,5.5965,2.3626
1OKE,328,0.1231,-0.9547,0.4634,-0.7966
1OKE,329,0.3980,-0.3021,5.8758,2.5345
1OKE,330,0.0122,-1.2178,1.4789,-0.1716
1OKE,331,0.3315,-0.4600,2.4058,0.3989
1OKE,332,0.0011,-1.2441,1.1863,-0.3517
1OKE,333,0.7982,0.6479,0.0000,-1.0818
1OKE,334,1.0953,1.3531,1.0665,-0.4254
1OKE,335,0.4634,-0.1468,0.7583,-0.6151
1OKE,336,0.4490,-0.1810,0.0732,-1.0367
1OKE,337,0.0011,-1.2441,1.7384,-0.0119
1OKE,338,0.8514,0.7742,4.9357,1.9559
1OKE,339,0.5820,0.1347,0.4479,-0.8061
1OKE,340,0.8503,0.7715,0.1973,-0.9603
1OKE,341,1.3614,1.9846,2.3858,0.3866
1OKE,342,0.0809,-1.0547,1.3082,-0.2766
1OKE,343,0.4213,-0.2468,5.8293,2.5059
1OKE,344,0.3137,-0.5021,2.4900,0.4507
1OKE,345,0.8492,0.7689,3.0022,0.7660
1OKE,346,0.4623,-0.1495,1.5831,-0.1074
1OKE,347,0.0477,-1.1336,1.3282,-0.2644
1OKE,348,0.4346,-0.2152,0.8780,-0.5414
1OKE,349,0.0477,-1.1336,1.7051,-0.0324
1OKE,350,2.1164,3.7766,0.9579,-0.4923
1OKE,351,0.0055,-1.2336,1.4102,-0.2139
1OKE,352,0.8115,0.6794,0.0222,-1.0681
1OKE,353,0.8426,0.7531,0.2483,-0.9289
1OKE,354,0.0067,-1.2310,1.1729,-0.3599
1OKE,355,0.3581,-0.3968,2.2417,0.2979
1OKE,356,0.4623,-0.1495,0.2838,-0.9071
1OKE,357,0.0000,-1.2467,1.4922,-0.1634
1OKE,358,0.7993,0.6505,0.1752,-0.9740
1OKE,359,0.0499,-1.1283,3.2550,0.9215
1OKE,360,0.3348,-0.4521,6.2239,2.7488
1OKE,361,0.5953,0.1663,1.9579,0.1232
1OKE,362,0.1530,-0.8836,6.0000,2.6110
1OKE,363,0.3725,-0.3626,2.0466,0.1778
1OKE,364,0.0000,-1.2467,1.1973,-0.3449
1OKE,365,0.8736,0.8268,0.0089,-1.0763
1OKE,366,0.6807,0.3689,2.0776,0.1969
1OKE,367,0.7694,0.5794,0.1064,-1.0163
1OKE,368,2.7993,5.3975,0.5188,-0.7625
1OKE,369,0.9047,0.9005,0.0000,-1.0818
1OKE,370,1.3160,1.8767,4.2927,1.5602
1OKE,371,0.0820,-1.0520,0.5277,-0.7570
1OKE,372,0.0000,-1.2467,0.8182,-0.5782
1OKE,373,0.0000,-1.2467,1.8559,0.0604
1OKE,374,0.6463,0.2874,0.9246,-0.5127
1OKE,375,0.0177,-1.2046,6.2772,2.7815
1OKE,376,0.9590,1.0294,0.8869,-0.5359
1OKE,377,0.8326,0.7294,0.0599,-1.0449
1OKE,378,0.7960,0.6426,0.0044,-1.0791
1OKE,379,0.7472,0.5268,0.4035,-0.8334
1OKE,380,0.8237,0.7084,0.2993,-0.8976
1OKE,381,0.8381,0.7426,0.6896,-0.6574
1OKE,382,0.1452,-0.9020,1.2239,-0.3285
1OKE,383,0.2971,-0.5415,6.7849,3.0940
1OKE,384,0.0044,-1.2362,1.1286,-0.3872
1OKE,385,0.1763,-0.8284,1.1330,-0.3844
1OKE,386,0.7007,0.4163,2.9180,0.7141
1OKE,387,0.8237,0.7084,0.0488,-1.0518
1OKE,388,0.0521,-1.1231,3.1752,0.8724
1OKE,389,0.7993,0.6505,0.0466,-1.0531
1OKE,390,0.1907,-0.7941,3.4235,1.0252
1OKE,391,0.7506,0.5347,0.5255,-0.7584
1OKE,392,0.0022,-1.2415,1.1242,-0.3899
1OKE,393,0.7882,0.6242,1.9157,0.0973
1OKE,394,0.0266,-1.1836,7.2461,3.3779
